txn_id,user_id,amount,txn_type,location,device_type,timestamp,is_fraud
9e58e254-1e9a-4d28-8c14-a2c9668cc6ec,user_123,35506.58,domestic,UK,mobile,2024-01-22T18:01:00,1
527a67c9-4b2d-43e5-882a-527f7e8c26ed,user_107,37401.32,domestic,CA,web,2024-01-24T00:03:00,1
b989dc2f-e9ca-4008-aa9c-74744dc54424,user_156,22480.95,international,UK,web,2024-01-11T12:18:00,1
34533440-eb27-46ab-b88c-411700186a2d,user_12,27878.79,international,IN,web,2024-01-11T19:51:00,1
6219c46a-2451-4aa0-8c91-93863acc9c27,user_105,33611.77,domestic,US,mobile,2024-02-11T23:48:00,1
71cc661f-8ca0-4b4b-ac52-230c3a97e3ea,user_106,19179.02,international,IN,web,2024-03-09T07:52:00,1
26e56632-4790-4647-8c47-47ff7f71ddb3,user_107,45029.65,international,UK,atm,2024-02-08T16:54:00,1
aa7890a0-2831-46fb-8245-ce7c05c1fae9,user_104,45551.12,international,IN,atm,2024-01-08T00:11:00,1
56052d45-3b31-48ed-9941-b5f961030dfb,user_131,23517.11,domestic,UK,atm,2024-02-26T13:40:00,1
6623c40f-4416-4874-b03a-de65f06ca7b3,user_161,4282.64,domestic,UK,mobile,2024-02-19T18:08:00,1
9598775c-d9e2-4c5a-b73e-80d152c2a54f,user_122,29660.56,international,AU,mobile,2024-02-04T07:27:00,1
4b09ffed-9fbb-4843-9511-e25adccd6288,user_46,38264.83,international,UK,web,2024-01-13T14:32:00,1
83615bd6-17c1-4a74-8a5d-37c9c6f08a92,user_50,49786.76,domestic,US,atm,2024-02-21T14:53:00,1
fb03b697-dec2-4016-b4d8-5b4bf2b0aae2,user_132,30989.27,domestic,UK,atm,2024-02-07T17:36:00,1
3aedc42e-2820-4e64-a4a6-d5701dfe911f,user_180,45901.76,international,AU,web,2024-03-02T11:46:00,1
b409c876-46a1-4fb5-a112-4c5d5fe593ee,user_107,44483.93,domestic,AU,mobile,2024-01-15T00:55:00,1
2faee79b-3d78-4684-b3a5-fc65efcc1415,user_79,48556.07,international,IN,web,2024-02-06T20:32:00,1
51eced22-9a19-40f3-b75d-920c9a4912ae,user_147,36677.81,international,CA,web,2024-02-17T07:44:00,1
4e84ac05-5cc7-4fc2-8ac1-a26f21710e8d,user_155,49858.58,international,IN,atm,2024-01-26T23:37:00,1
12eb97d4-b84c-4fe7-92dc-d82722a2629b,user_63,34952.81,international,US,mobile,2024-01-12T03:04:00,1
ac78890d-adc6-467f-9764-135c5a070d4e,user_56,47542.62,domestic,AU,web,2024-01-11T02:36:00,1
6995d456-2192-4e0d-85fa-6b29fa9acff8,user_150,28521.61,domestic,CA,mobile,2024-01-11T03:08:00,1
a4a2e22b-eb50-458e-9928-c5df4d62d3e7,user_28,39980.38,domestic,AU,mobile,2024-01-28T04:02:00,1
7b08c5a4-784e-4487-b509-081fdf625b77,user_19,42253.95,international,IN,web,2024-01-04T00:17:00,1
660836c6-ca03-4258-95d0-aff3f962d335,user_148,38000.09,domestic,IN,mobile,2024-02-18T17:52:00,1
cd3b833a-eaa9-48db-a904-d9c3c2bc8058,user_101,44353.51,international,US,mobile,2024-02-01T10:00:00,1
d14df10c-a365-444a-8716-942f6f0bdec2,user_85,17736.13,domestic,US,web,2024-01-21T23:30:00,1
d6990db6-ac06-42a5-8f28-a5977ca11c1b,user_187,16096.76,international,CA,atm,2024-02-21T05:44:00,1
0afee61c-cc27-4420-a7e3-5b884413d845,user_188,48649.15,international,AU,mobile,2024-01-19T09:09:00,1
4e006051-61ed-4b10-93ca-5e0b6aa754ea,user_197,1331.64,domestic,US,mobile,2024-01-26T17:22:00,1
6d6b1f47-1456-46f2-b83b-d7743e541494,user_162,343.81,domestic,UK,mobile,2024-03-07T07:43:00,1
36411f21-48bc-4bd2-8a1a-164386e65567,user_173,16219.79,international,UK,web,2024-02-23T16:10:00,1
94008dd3-8ca5-4c25-b4de-fb7bff7a004a,user_65,658.77,international,IN,web,2024-02-22T23:15:00,1
502bf0a5-255a-4515-aad1-18226dd93f1a,user_74,45389.49,international,CA,mobile,2024-02-28T05:29:00,1
f10c8a4e-00be-4689-aa99-70c01d6c929a,user_191,34602.74,international,IN,mobile,2024-01-13T18:41:00,1
01c73360-440a-4b62-939d-701c92a5a276,user_175,25959.86,international,UK,web,2024-01-26T22:45:00,1
09d655c4-72c8-466c-8007-23364ed72557,user_157,30271.07,domestic,CA,mobile,2024-01-20T23:32:00,1
7ac330f5-7521-4470-8831-a48f8cd7b86d,user_200,3665.97,international,IN,atm,2024-01-29T05:48:00,1
a7d9f4d5-0f2b-487f-b594-9e2f7d12da0a,user_38,29640.07,international,CA,mobile,2024-01-26T05:58:00,1
d50728f5-79fb-4667-899e-9df4997f76df,user_126,29291.07,domestic,US,web,2024-01-20T05:07:00,1
56969ac2-6c38-4442-ab1f-77d4128a7080,user_160,24689.15,international,US,mobile,2024-02-29T11:09:00,1
184fd43f-545b-4220-8a98-13e539031275,user_38,42639.51,international,IN,web,2024-01-23T04:36:00,1
85fa755e-6deb-4af9-a828-9190f3c8ed23,user_127,2534.09,international,US,mobile,2024-01-25T05:45:00,1
cd9ef453-edaa-4bee-8f67-5fb998c316b7,user_98,32015.15,domestic,UK,mobile,2024-03-04T03:06:00,1
e53d41de-e3ed-41e9-a94f-4384cffc678e,user_40,31052.97,domestic,US,web,2024-03-04T07:05:00,1
29ff2e95-1be0-4e72-9081-c8fc8de56a33,user_146,12214.99,international,UK,mobile,2024-03-03T23:04:00,1
7e60144c-9b6a-4f20-a7b4-138694b6f1a5,user_168,3580.38,domestic,UK,mobile,2024-01-19T17:32:00,1
0da0b979-b3ca-45ed-a034-562440b895dd,user_39,24875.58,domestic,UK,web,2024-02-11T02:32:00,1
ee062dda-ded3-43a4-bd6e-0b000a375d94,user_173,1050.44,domestic,AU,mobile,2024-03-03T05:30:00,1
65e84773-e17c-41a5-81b4-3543cf0abfab,user_86,22511.34,domestic,AU,mobile,2024-02-14T12:38:00,1
f72d9523-949d-4e7b-8402-f5c44294a6f8,user_166,48873.3,international,US,mobile,2024-02-20T20:19:00,1
1e8026d9-5ab5-451d-b814-c02413f0ba3d,user_199,48448.39,international,CA,mobile,2024-01-31T03:41:00,1
437b518d-fbc5-44c3-b620-736d4071fc30,user_122,9747.74,international,UK,atm,2024-01-29T02:55:00,1
bd33a9c9-80c6-4fea-aa2e-8bf14ca810cb,user_85,39086.06,international,US,mobile,2024-02-14T07:50:00,1
7416e284-4583-4719-a36e-b154b1ec6281,user_83,6105.38,international,UK,mobile,2024-02-06T19:08:00,1
f70acf65-bd6d-4b5d-8e31-6cb8c811872a,user_170,23771.29,international,IN,mobile,2024-01-23T08:00:00,1
86ef68cf-25ec-41e0-877f-4326b409850f,user_54,16376.74,international,CA,mobile,2024-01-31T11:56:00,1
e709d95f-d9b7-4282-8381-e2bd932a5689,user_12,27590.23,domestic,UK,mobile,2024-02-08T10:13:00,1
49d4b7cf-3940-4c94-87f2-2ae3c0b0faca,user_185,20449.84,domestic,CA,mobile,2024-01-12T19:50:00,1
988322b1-1a40-49d0-a8a5-615c063198e0,user_15,6682.73,domestic,IN,mobile,2024-02-15T01:46:00,1
a1ebee65-e5bc-4062-892d-5b044c97cedf,user_29,39606.27,domestic,US,atm,2024-01-05T13:47:00,1
b1df8627-3b18-4dae-879e-cc5f0813f24e,user_130,45594.67,international,UK,web,2024-02-19T06:18:00,1
92035582-b5d8-48b0-9cac-905dc42ceb0e,user_9,20622.06,domestic,UK,atm,2024-03-04T13:40:00,1
80e2a84a-b00b-423d-9843-796cd0371cff,user_31,43973.18,international,CA,atm,2024-01-26T06:27:00,1
cdc7a326-ea41-4708-9c79-259ebac858a8,user_31,43033.72,international,IN,web,2024-01-21T16:18:00,1
c02fdb07-f979-4ec3-ac9e-1fa8fe963ad3,user_174,36418.96,domestic,UK,mobile,2024-03-08T02:54:00,1
3107ba75-c1a7-4732-a743-8226c3a66fc4,user_55,9433.1,domestic,AU,mobile,2024-01-25T22:01:00,1
45098284-ce51-45ba-af7f-16645e347c69,user_172,21803.53,domestic,UK,mobile,2024-01-04T14:19:00,1
f0bd0e3a-4694-4ce5-b407-53181c745795,user_169,964.36,domestic,AU,mobile,2024-01-11T17:26:00,1
12b7d9ca-50e2-4220-b614-953299b76a05,user_89,25174.36,international,AU,mobile,2024-01-09T12:58:00,1
9446da07-9082-4c29-b952-13758c729d58,user_59,42411.2,domestic,IN,web,2024-02-03T10:36:00,1
106f6d32-0056-4bfc-9a7f-daabd2b8fc25,user_20,21636.22,international,UK,mobile,2024-02-27T17:25:00,1
b78aad3c-f5a6-4ee1-95be-ab61c0e62503,user_192,42493.45,domestic,AU,web,2024-01-14T23:48:00,1
f0a9f786-3a94-4dd5-9fd6-b37b2a0a8d84,user_33,42467.5,domestic,CA,atm,2024-02-06T09:18:00,1
3503c8ba-ebb9-490a-975c-8109e61ed8a1,user_102,26263.55,domestic,US,web,2024-02-28T05:36:00,1
32b19107-69f6-43ad-8514-03d02c934edc,user_21,14143.92,international,UK,atm,2024-02-17T02:58:00,1
9a4be287-2463-472d-89b8-5e569bf8a9c4,user_129,463.8,international,AU,mobile,2024-03-06T12:00:00,1
8137d269-9dcc-4a48-a8a2-36d4ca5366e3,user_153,20309.58,domestic,IN,mobile,2024-02-11T01:28:00,1
15f14c69-0484-4cb1-8671-1e47cc653b3e,user_185,4726.76,international,IN,web,2024-02-03T20:51:00,1
83eba516-867b-49b5-b85a-133d253cfdc3,user_108,13251.27,domestic,IN,web,2024-02-15T23:32:00,1
8594d463-e345-4474-a9fb-e0533b8c79ef,user_108,37159.4,domestic,AU,atm,2024-01-29T02:19:00,1
04d33a34-63c7-4054-ab20-27473eb01462,user_104,18208.0,international,IN,atm,2024-01-10T12:01:00,1
9728d2f7-4dbb-4918-88f3-b714d1096189,user_151,30459.34,international,IN,atm,2024-02-20T07:28:00,1
955fa1e4-62d8-4ea0-bb8a-eb68cd280281,user_167,49458.48,domestic,CA,web,2024-01-03T15:52:00,1
4569d144-d13a-4752-96a5-7bb0eb3bbd4c,user_158,33487.32,domestic,US,atm,2024-01-09T18:13:00,1
5447151d-8e59-4dff-8534-d4b915126fe6,user_137,25426.2,domestic,US,atm,2024-01-06T22:54:00,1
bbdfb6b7-dfb6-40db-b814-ee0ceeed8fe3,user_158,18740.61,domestic,UK,web,2024-02-18T17:46:00,1
d057cb91-2f19-4e43-8728-8277367e86b1,user_99,10972.3,international,AU,atm,2024-01-19T03:55:00,1
1c16e235-4288-4923-8e25-344dba9aeda0,user_105,25486.19,international,UK,mobile,2024-01-20T19:46:00,1
aef9b013-3534-4b90-a472-b60a3ac74f13,user_54,47730.29,domestic,AU,web,2024-02-10T04:43:00,1
7f068db1-077e-49c4-97af-b0162fe71d9d,user_53,4371.79,domestic,IN,web,2024-02-21T00:55:00,1
85b0bd47-f40d-41a8-808a-bec859dcd905,user_191,8949.27,international,CA,atm,2024-02-22T20:01:00,1
30b3ba85-eec3-4ad7-9ec9-595ccbfd3e80,user_125,5886.69,international,AU,web,2024-01-28T16:47:00,1
476a77c7-e190-45be-8ccc-b5b268a13776,user_16,14554.58,domestic,CA,mobile,2024-02-15T13:17:00,1
2290faa9-8c73-4c90-8443-70ac64a73578,user_53,49672.07,domestic,UK,mobile,2024-02-15T09:44:00,1
a8a1d936-23aa-4882-93f1-3d7c38a09e89,user_199,8539.57,international,US,mobile,2024-01-29T13:14:00,1
dd159919-87f1-4be6-bd4a-fd44593d0a04,user_109,44841.22,domestic,US,atm,2024-01-25T18:29:00,1
77d8769e-dc69-4c02-9e3b-85519366a6b7,user_101,43041.82,international,US,mobile,2024-01-20T01:22:00,1
9e95c270-289a-42c1-9fc0-80a639dba6e2,user_12,16760.51,domestic,CA,atm,2024-01-15T03:25:00,1
9cf5727b-5583-46ef-aa20-f952dcfa0b11,user_9,4831.36,domestic,UK,mobile,2024-02-23T07:33:00,1
e4ae2b1b-d79d-4c43-81cf-6ea6a54c25bf,user_16,42920.55,domestic,UK,atm,2024-01-02T16:34:00,0
f1eb383b-a4ce-45bf-87bd-88d363cd822d,user_146,44309.5,domestic,AU,web,2024-01-30T02:19:00,0
65d5dab9-2525-41de-b8e7-d959d1571bfa,user_159,18499.04,domestic,UK,web,2024-01-06T17:38:00,0
24b39fbc-a3f2-41c8-8bbb-54e4688440cc,user_31,33767.82,international,IN,mobile,2024-01-20T23:16:00,0
95792ca7-650e-491e-8d96-28c6f03184de,user_3,6108.34,international,IN,web,2024-01-25T17:37:00,0
bfb750f4-1526-4e29-a129-397e905cf388,user_186,22978.72,international,CA,web,2024-03-04T12:02:00,0
24355a8e-3544-45ba-9127-8b836f5359a6,user_67,13776.97,international,US,mobile,2024-02-25T11:35:00,0
0be34b2c-1cb8-4a0e-9739-b5928ae18311,user_100,15648.53,domestic,US,atm,2024-02-24T16:03:00,0
2e84ef32-264f-4156-9a95-2cefa91881c4,user_103,25710.23,domestic,UK,mobile,2024-02-17T15:26:00,0
081fc341-3aa1-4641-b95c-f8a2a38ee98b,user_59,37533.97,international,UK,atm,2024-02-07T21:57:00,0
d7e8306d-5c74-4ff2-8aef-596e4a34e11c,user_89,29432.36,domestic,IN,mobile,2024-02-06T06:44:00,0
efd56eec-c8d6-490f-81eb-56633d4a8f08,user_22,37867.66,international,IN,atm,2024-01-09T09:46:00,0
42a56834-172a-48af-8460-0e2a9c3c831b,user_51,7413.55,international,UK,atm,2024-01-28T19:36:00,0
2d0fa45f-b910-4c4a-b81f-fe966a8b5568,user_164,29167.31,international,UK,atm,2024-01-12T07:32:00,0
1f36d1d1-39d2-4883-9bfa-073bd651815b,user_77,2911.13,domestic,IN,atm,2024-03-09T09:51:00,0
69fdaf96-44b0-4fc9-97a1-1ac0b29d2765,user_1,26706.37,domestic,AU,mobile,2024-01-12T05:10:00,0
8c003257-cf24-4619-b208-bd8b573a489c,user_72,6607.42,international,UK,atm,2024-02-29T04:41:00,0
16d548a5-c1aa-4e8a-9275-1aed88d17a81,user_149,13906.55,international,UK,web,2024-01-08T10:20:00,0
70901e4c-163a-4951-8cbe-8a6796120a90,user_190,45558.67,domestic,US,mobile,2024-01-26T04:11:00,0
00ce13e0-f660-447b-9037-b9dbf04e8bd7,user_171,31333.05,international,UK,web,2024-01-12T14:27:00,0
37763666-a77f-4515-ae7d-5220f7e826fa,user_62,16529.0,international,IN,mobile,2024-01-18T15:20:00,0
d2ce8523-8eec-4ab0-84a1-ff22bd289a2b,user_179,39269.49,international,AU,mobile,2024-02-28T22:11:00,0
375a4038-9bc5-4549-9ab7-acaeae6aa2c1,user_83,38018.46,domestic,US,mobile,2024-01-09T07:58:00,0
5cea5f44-fc6a-44fc-90da-4d0a5e3e0caf,user_44,36391.46,international,IN,web,2024-01-10T08:18:00,0
3992c85d-0bb7-4c81-adc4-f3a33c9a0654,user_110,10844.75,domestic,UK,mobile,2024-01-18T02:51:00,0
7544a260-54c9-40a5-8bcd-fcb926db6755,user_88,8797.8,domestic,CA,atm,2024-01-12T08:17:00,0
5171d2a6-9793-4d98-ab94-0a8db399719a,user_183,47206.91,international,UK,web,2024-01-10T17:07:00,0
6cb26afc-605b-4a86-950a-d426e59d29bc,user_80,13174.56,domestic,CA,atm,2024-01-27T15:18:00,0
b7bf9a1a-8054-4e4a-b690-166219b09eed,user_116,23546.82,international,AU,web,2024-01-21T18:56:00,0
a6a0316a-fd09-461e-91b9-eabe12451b19,user_48,8711.51,domestic,IN,mobile,2024-01-20T06:37:00,0
a1ad4ba8-07b5-4ecd-a60f-e80eed0fd52a,user_158,21627.89,international,US,mobile,2024-02-26T18:23:00,0
1bdf42ba-094d-4ce2-a7ee-6a85a798e3c2,user_88,45556.85,international,AU,web,2024-01-09T17:12:00,0
fffbc61d-3f04-4374-91e6-30eed8dc36c5,user_199,3638.78,international,CA,mobile,2024-02-11T11:16:00,0
fc9f56bc-9bcc-46e9-8932-7ab9e1f64b31,user_51,9829.85,international,US,atm,2024-01-17T09:12:00,0
4f9d3039-c7b9-48c8-b117-93905df597a2,user_191,32231.18,international,UK,mobile,2024-01-16T04:01:00,0
50cabad6-d5e4-4753-9267-860d5afbed5f,user_145,47278.75,domestic,US,atm,2024-02-19T11:43:00,0
313a9264-27b4-43fd-b18d-6bee3976e4f1,user_120,4628.44,international,UK,mobile,2024-01-29T03:29:00,0
984c3f04-74b7-4f10-9337-228e43d26566,user_176,17728.37,international,UK,mobile,2024-01-10T05:39:00,0
c10adc37-6d02-4112-be2c-7faf64c1dc62,user_160,19183.68,domestic,CA,mobile,2024-01-16T04:16:00,0
f1bb4fa8-fbec-406f-9273-529f10aba5a0,user_171,30183.64,international,AU,atm,2024-02-15T09:13:00,0
263713ad-839b-4b53-a114-889a72c73ecf,user_178,19410.35,domestic,CA,mobile,2024-02-18T00:08:00,0
2690327d-ad5a-405a-8510-fecf02e6f774,user_68,24218.3,international,UK,mobile,2024-01-06T20:52:00,0
d362318d-aa78-4881-8c02-581320123de2,user_12,5077.75,international,IN,atm,2024-02-04T23:45:00,0
65417ac8-4144-489c-aab6-e6bfb2e347db,user_23,14720.73,international,CA,mobile,2024-02-12T09:04:00,0
04c44451-8c23-4c0b-826a-915ae021821e,user_50,18125.21,domestic,IN,web,2024-02-12T23:30:00,0
90b35143-8c52-4994-bb90-615bb4465194,user_110,38119.19,domestic,CA,web,2024-01-23T23:40:00,0
656089d7-d5f1-46fa-8251-54b853899326,user_156,20522.87,international,UK,web,2024-03-05T06:12:00,0
aab0a8c6-8b74-416a-87f6-121685bb23ce,user_141,28427.12,domestic,IN,web,2024-02-21T15:35:00,0
57e52f2f-5042-47bb-8e55-a628dd7a44b3,user_119,2698.57,domestic,IN,atm,2024-02-01T18:18:00,0
81d11617-f6a0-458b-b8d0-e5d12aea30b7,user_83,9719.05,international,AU,atm,2024-03-02T07:24:00,0
f01f74e7-281c-4d9c-a23e-4a40d8b5f93f,user_55,31472.12,international,AU,web,2024-01-12T21:47:00,0
82d6f278-4b4d-443c-a6d7-2e2853bcd568,user_153,41659.58,domestic,AU,web,2024-02-25T10:18:00,0
25b97004-8730-426b-b5ea-214c6310eeb6,user_67,23554.55,international,AU,mobile,2024-02-25T14:11:00,0
2f0827ab-ea47-4a32-a6d0-8106e91e0c15,user_144,25837.92,international,CA,web,2024-02-13T20:50:00,0
7e63579b-aea5-4e0f-8798-411dd9cfaf37,user_66,45973.19,domestic,US,atm,2024-01-15T12:47:00,0
13ace3ec-a1bc-46fd-8960-233af56a5af2,user_109,15315.12,international,CA,atm,2024-02-10T03:12:00,0
56789a36-3470-499f-95dd-c10b6fe7d809,user_180,32960.59,international,CA,mobile,2024-02-14T09:33:00,0
2789b734-e3bb-4c96-91df-b2558df63485,user_199,30827.75,domestic,CA,mobile,2024-02-10T11:07:00,0
a8dab788-df48-499e-a082-ab8c62e5e016,user_148,2721.11,international,AU,mobile,2024-02-25T04:31:00,0
79550846-74c9-4047-a638-e59ba431ee2f,user_145,27440.16,domestic,US,atm,2024-02-14T22:20:00,0
b392a6f3-ba61-43c5-8805-e1cc3b8f13cd,user_29,49527.55,international,IN,web,2024-03-05T13:49:00,0
20ceb3a1-d865-42eb-945d-a60e5a11d7aa,user_133,9100.15,domestic,UK,atm,2024-03-02T11:48:00,0
da7e2d7c-74f9-4a48-be7c-a53fd883ba1a,user_169,12558.01,international,US,atm,2024-01-11T03:17:00,0
2904c8cd-2d3a-4ff8-afaa-0af66ea06662,user_54,23890.77,international,UK,web,2024-02-08T03:17:00,0
11fed341-46a7-4135-bd1e-c0cea8bf48d1,user_91,43114.21,domestic,UK,web,2024-01-25T03:45:00,0
e9ab7327-4673-485b-8547-00e7e4c8e360,user_102,48327.96,domestic,UK,web,2024-02-29T06:21:00,0
38120735-7759-4c2b-9765-779080c492e6,user_155,28379.62,international,AU,mobile,2024-02-18T12:32:00,0
d303206a-2278-4698-9ee9-650172060229,user_83,14545.07,domestic,IN,mobile,2024-01-16T05:24:00,0
ca679738-d27f-4b08-95a1-ec778fb3c297,user_62,19575.21,international,UK,atm,2024-03-05T11:03:00,0
30404c18-2805-4e74-8bc2-64c9370a574c,user_171,39718.05,domestic,US,web,2024-02-02T11:19:00,0
4c69cd9a-6c87-415f-824a-047201efac40,user_55,36938.15,international,IN,mobile,2024-01-17T12:59:00,0
a95771d9-9e8e-4ecf-a131-3e9033ca01c4,user_5,17227.8,international,IN,atm,2024-02-14T14:47:00,0
ba6965e7-47ed-4f1a-95da-d53b4166174a,user_14,49015.22,international,US,mobile,2024-02-29T19:59:00,0
e4afa927-0767-4eab-8fd4-90aafcd9234c,user_77,11105.9,international,IN,mobile,2024-01-02T12:02:00,0
191567ba-fc2c-43f6-9915-a67f21df92bb,user_7,48680.63,domestic,UK,web,2024-01-11T17:46:00,0
5e4f0e59-07f3-4266-b1b3-128abd3e6928,user_165,15396.02,domestic,US,atm,2024-02-22T17:35:00,0
e7442702-4a2d-4abf-8474-a8aa0367736d,user_109,46597.87,domestic,US,mobile,2024-02-16T01:49:00,0
dc47a22b-d57f-4d61-82eb-13c1425cad6f,user_18,10635.06,international,IN,atm,2024-02-02T07:44:00,0
e653b98f-e353-4226-a477-c033e1d080c1,user_191,9287.18,international,US,atm,2024-03-10T10:08:00,0
5f1c011a-a158-494e-b81b-884a178cc279,user_78,43844.86,international,UK,atm,2024-02-12T00:28:00,0
3d2b3972-7c1b-4cbc-a841-9013a5b0cfa2,user_95,12742.61,international,AU,atm,2024-01-30T14:03:00,0
6dfa2058-a2c5-451b-827c-816ed33e340f,user_41,28776.33,domestic,AU,atm,2024-01-06T23:58:00,0
8cebe4de-7d79-4900-9a31-b3dc7385da25,user_5,21390.03,domestic,UK,atm,2024-02-07T16:02:00,0
60ec4cf3-1619-4db9-b55f-75ca24e42f6b,user_141,10416.29,international,AU,atm,2024-01-21T17:09:00,0
80fd3dff-a081-42dc-9d45-c122e1e50014,user_5,24111.07,domestic,AU,atm,2024-02-13T06:55:00,0
b9ebe29f-3bb5-4b25-b0bf-13648b373a52,user_2,34981.48,international,IN,mobile,2024-03-05T19:01:00,0
1ac2ed1a-f9b6-47f7-94d8-61c7009ae940,user_49,44560.16,domestic,AU,web,2024-01-13T17:36:00,0
74b35486-cf6b-4cef-a739-a6321174ad08,user_11,31856.35,domestic,IN,web,2024-02-26T20:38:00,0
387d929d-3afc-4452-9c17-fbec4dee5459,user_4,25837.87,international,US,mobile,2024-01-09T23:24:00,0
e91e6aa7-7a3a-4b3d-b544-aed9b557582a,user_40,4321.93,international,US,mobile,2024-02-13T06:43:00,0
38f30cef-80ff-48f4-862e-806dc424a2c7,user_119,48761.22,domestic,IN,mobile,2024-03-02T16:55:00,0
59cbcdd4-75ff-4fa9-8d06-aadbb3e3c9aa,user_87,14708.51,domestic,CA,mobile,2024-02-25T19:59:00,0
a820722d-32d0-471d-b30b-5c90e1383aae,user_107,9973.01,domestic,US,mobile,2024-03-04T01:40:00,0
ebb088df-e637-4aeb-99ff-e9fb947e5bd1,user_176,46673.44,international,AU,atm,2024-02-02T08:41:00,0
35b70f4b-33e2-4879-a92b-b8c3e29ebd89,user_168,42144.99,domestic,US,web,2024-02-14T06:39:00,0
c3980225-2db5-4c5c-bf4c-7719a9655deb,user_148,15082.72,international,AU,mobile,2024-03-09T09:54:00,0
65826c02-cbeb-4292-a5e2-ccfa4b3c0400,user_125,14434.11,international,AU,atm,2024-02-11T16:00:00,0
80f89a4d-127a-4f02-817e-d37b36d7aa5e,user_161,44138.55,domestic,CA,web,2024-01-21T16:28:00,0
6b0dd923-7dd1-4ec0-8f48-21f5229be855,user_198,20211.33,domestic,UK,atm,2024-02-07T23:16:00,0
9650a7fd-7749-42ab-95e9-715581d60df9,user_122,45552.96,domestic,IN,atm,2024-01-17T10:07:00,0
b5dc815e-2b72-42d8-8bd9-5a80a7ea0468,user_99,29332.81,international,CA,mobile,2024-03-01T07:41:00,0
a9d0ebbe-7e84-4e1a-afcb-dd39f7628043,user_73,19579.24,international,UK,web,2024-01-12T16:48:00,0
53a0ad30-3936-47d5-ac4c-1ed94a82c355,user_147,16904.77,international,CA,atm,2024-02-27T01:46:00,0
17ee4be5-861d-4b8a-9aad-95c1e4316185,user_46,10104.71,domestic,CA,mobile,2024-01-07T09:42:00,0
61892d8b-cccf-4672-8c0b-6a5d9a17d91c,user_123,5940.22,international,IN,web,2024-03-08T10:04:00,0
f2cfe15c-e04e-4430-aea6-042e43d57709,user_72,48421.85,international,UK,mobile,2024-02-28T20:23:00,0
6eb49411-e9b3-458f-ae59-f4beea050800,user_152,45106.12,domestic,US,mobile,2024-01-04T02:55:00,0
bbb0bb7f-5d55-4668-aa6b-fd52fc1d5e73,user_83,23912.53,domestic,CA,atm,2024-03-04T08:44:00,0
963f8f32-540c-4a3c-a6d1-14dc39283e45,user_18,28979.73,international,AU,web,2024-02-24T02:40:00,0
e524e679-4b89-4b64-9e21-9a7d770c75de,user_84,49108.92,international,AU,atm,2024-02-02T12:19:00,0
b76850ab-cdaa-4f34-9d34-446572e003b5,user_118,12129.78,international,UK,web,2024-02-11T06:35:00,0
0370f1e8-c288-4a46-a3f9-b44b2ba8ef78,user_36,16561.15,international,US,mobile,2024-02-14T15:58:00,0
5c33670e-30a7-4d62-a630-99f2ceec15f3,user_187,44433.28,international,AU,web,2024-01-12T17:29:00,0
520614df-ea7a-4d6a-bce3-bb38033b0bbe,user_46,22257.08,domestic,CA,atm,2024-02-12T22:19:00,0
123cff40-4953-4f72-8340-d2ee929dfe50,user_128,26262.9,domestic,CA,atm,2024-01-14T12:17:00,0
32453fa5-6a87-4952-8c8e-c37ebc8ddff3,user_173,8709.66,domestic,US,atm,2024-01-20T03:33:00,0
ed89a599-04de-402b-9ae1-b08eb3e8d7e0,user_194,2808.97,domestic,US,web,2024-01-11T06:47:00,0
83023faf-0fc5-4403-9e31-aba499e10c74,user_85,29181.31,international,US,atm,2024-01-24T03:06:00,0
1dcb097d-cb3f-4811-bd20-9c32435ae4fd,user_100,23872.77,domestic,US,atm,2024-02-26T08:23:00,0
54ff8828-1b24-46f3-bf35-e11e53fda9d6,user_161,25914.45,domestic,US,mobile,2024-02-21T16:42:00,0
3e523399-6e24-48c8-be12-074728823b04,user_82,4680.7,domestic,AU,mobile,2024-01-13T03:38:00,0
92d97402-1c34-4333-a00e-5eb9065d3980,user_17,15925.78,international,IN,mobile,2024-01-08T13:34:00,0
3b4eab45-0b2c-4af8-ae7c-8400147136e2,user_74,48039.44,domestic,CA,web,2024-02-19T12:09:00,0
af3e7cca-a8b8-4ec8-9c0f-36f1be0451e2,user_185,576.09,domestic,UK,atm,2024-02-09T18:49:00,0
16874ffc-e30f-4aa9-8054-056ad23df0a7,user_45,15294.65,domestic,CA,atm,2024-02-25T10:57:00,0
f9070f8e-6c35-45b7-b496-031df603f4c4,user_103,45990.58,international,CA,web,2024-01-02T10:32:00,0
fcc1fc8f-7c72-4470-8a32-81cf5f6f76b6,user_67,30148.63,domestic,UK,web,2024-01-16T12:18:00,0
83048cf4-88c6-400a-a406-a50ec84a8d6e,user_14,45656.6,international,US,web,2024-01-08T12:05:00,0
36324192-17d9-43fd-9c50-df3e99e23578,user_103,15901.47,international,AU,atm,2024-02-07T17:24:00,0
3aac4478-d975-44bb-bd5f-bc78623db33f,user_192,35909.83,international,CA,mobile,2024-01-02T22:15:00,0
859150d5-c234-441c-8799-192e0c6b771a,user_81,35860.78,international,AU,atm,2024-03-02T07:52:00,0
4d22b3ed-a7da-437c-8641-c463102d2dff,user_169,25753.58,domestic,US,mobile,2024-02-13T15:41:00,0
32db3cab-f7ea-468e-8d4c-d7d9adba5465,user_125,7341.41,international,AU,mobile,2024-02-28T14:05:00,0
3f4ad286-5a54-4d81-900d-84fdf8fc474b,user_40,33308.31,domestic,UK,web,2024-02-18T12:31:00,0
07587321-8475-428f-bd08-1bd73bad81b5,user_158,10548.42,international,US,mobile,2024-02-23T19:44:00,0
9a4a251f-6ad5-4001-86fc-cae2d8fa12ee,user_168,39460.09,international,UK,atm,2024-01-11T12:36:00,0
36e2f786-f6d1-4b62-826d-26c75213b950,user_68,10991.13,international,US,atm,2024-01-03T15:01:00,0
a94d814d-8734-409e-a315-d7e2df238856,user_126,33759.96,domestic,IN,web,2024-01-06T13:01:00,0
0f972656-9672-4591-9ba7-477ee025bbd8,user_104,45015.46,international,CA,web,2024-02-26T22:23:00,0
cf38e96d-de6b-42bc-a2d3-b3c444c6e762,user_118,34700.37,international,AU,atm,2024-02-28T02:30:00,0
f3d422d5-ce51-4465-a395-ad580e8d64e1,user_117,40412.04,international,AU,mobile,2024-01-18T11:58:00,0
99fa6f6e-10d5-486f-b222-f219c36643f9,user_43,19394.3,domestic,IN,atm,2024-02-01T10:52:00,0
00c4a8e5-275b-4f3d-9d38-55b5943ed127,user_181,47780.2,domestic,US,web,2024-01-24T08:25:00,0
c0eb05f8-f7fe-4d2c-8d00-7f7c721f1610,user_137,13152.02,international,US,atm,2024-02-19T16:10:00,0
5304e0fe-03bc-4dee-b1f3-122493f4302a,user_173,41228.28,domestic,IN,atm,2024-01-17T20:59:00,0
91b30c61-7ff3-4f12-8dd1-a0ab1ed413af,user_180,9123.44,domestic,US,atm,2024-03-04T01:44:00,0
8fce5ee0-a1e2-4666-a409-ca1497515cbf,user_36,605.59,domestic,IN,mobile,2024-03-01T16:30:00,0
9140dca6-450e-4e2f-8331-91d83835d6ad,user_170,48410.58,international,AU,mobile,2024-01-15T02:48:00,0
02f71693-7d19-4605-b52d-25a1fa3bf317,user_37,21944.14,domestic,AU,atm,2024-01-07T06:15:00,0
ae3d1024-a863-451a-9572-e5cf4af02ca4,user_31,42923.19,domestic,IN,web,2024-02-16T13:32:00,0
3cca9ed5-0329-43c7-8f0f-7c9d1fdfa664,user_44,30104.03,international,US,mobile,2024-01-15T20:08:00,0
5ff60cc5-f243-432b-91e2-d63214ec7321,user_25,37805.37,international,AU,atm,2024-02-22T06:47:00,0
c5559ad9-18b9-4d41-8133-6e9ea49e67b0,user_40,23244.07,domestic,AU,web,2024-02-21T15:02:00,0
7ed48107-b753-4d86-a7b7-5d48af969613,user_100,46924.38,domestic,AU,web,2024-01-18T11:49:00,0
e26a2c9d-8788-4ae2-88c9-e5358a6c9e31,user_173,35049.28,domestic,AU,web,2024-01-22T08:52:00,0
7916121f-ab89-4e28-812a-0d395724bca3,user_66,28048.49,international,IN,mobile,2024-01-06T21:10:00,0
8d488b5f-1d8a-4faf-a70e-cd0bc788383c,user_110,43746.46,domestic,UK,web,2024-01-23T04:56:00,0
63673941-484f-4f75-96f6-fd236c551fe8,user_100,45986.8,domestic,IN,mobile,2024-02-26T09:27:00,0
b86abc81-fc1f-4a4a-a69a-5d8b9c72848e,user_136,39777.69,domestic,CA,web,2024-02-24T12:15:00,0
6bfa5484-a1c4-4690-9326-18cb96aad3e6,user_66,28401.12,international,AU,atm,2024-01-16T04:20:00,0
f17da094-713c-444b-bec5-2ae693689f48,user_127,43750.28,international,US,mobile,2024-03-10T04:00:00,0
9e20aa60-8fec-4017-a831-410fda8b1176,user_165,19949.55,international,IN,atm,2024-02-02T00:33:00,0
9f2d1da5-8eff-4089-b21f-e1e89b360da9,user_60,42738.12,domestic,IN,atm,2024-02-25T14:19:00,0
e32c33b4-17f8-4104-aa0c-15860fbb1f6d,user_61,34217.36,domestic,US,mobile,2024-02-28T22:46:00,0
aee4f936-b38e-4dfe-8388-24eb45839cbc,user_7,8645.4,international,AU,mobile,2024-02-08T00:38:00,0
df5c3fba-fecc-4a4b-b3ab-f4ef188a13c6,user_38,18877.04,international,CA,mobile,2024-01-26T06:37:00,0
c69480e3-1390-43ed-9cf8-3950dbc3d045,user_42,9943.73,domestic,CA,atm,2024-01-19T12:15:00,0
8af7c7ed-c3af-4cb0-8ff6-df61e43acf9a,user_81,15514.02,domestic,CA,web,2024-01-07T22:24:00,0
d35f7aa9-80fa-49b3-9e05-3b5192880e6f,user_113,209.6,domestic,IN,atm,2024-01-01T10:24:00,0
82c546f7-4727-45df-a256-8ee89a731dcb,user_116,17488.06,domestic,AU,atm,2024-03-02T11:18:00,0
e3714cbc-8bd5-4844-b7c7-cae83fadb065,user_196,13788.11,international,IN,mobile,2024-01-23T18:33:00,0
07768da1-be31-4e77-9e06-fe0fe2c87c94,user_58,40102.77,international,UK,mobile,2024-01-02T05:58:00,0
9b1ca6e7-f8e2-4e36-a381-ff4fc1347a2c,user_8,43746.11,domestic,AU,web,2024-02-11T04:41:00,0
bb813eea-e5d5-4101-8d20-505f7658a706,user_183,30384.11,domestic,US,atm,2024-01-06T21:09:00,0
c3848de1-c999-49bf-9540-ba2fc6a2d74f,user_160,13934.69,international,IN,web,2024-01-01T09:29:00,0
59e192e8-1960-4600-b145-2002a9754173,user_3,30542.1,domestic,CA,atm,2024-01-02T21:36:00,0
e2244d74-1d4f-453f-83fe-75729579ac2c,user_126,24126.14,domestic,IN,web,2024-03-02T06:59:00,0
ea23dedf-be5d-4406-b2a2-077c6cb52c79,user_130,30084.59,domestic,UK,web,2024-02-14T00:18:00,0
1914b012-60ed-4857-9db3-685b98ccdbb5,user_58,42657.98,domestic,IN,mobile,2024-01-15T06:14:00,0
c5056f7e-2d7c-45c1-a955-48cd78887a35,user_50,37822.55,international,AU,mobile,2024-01-24T19:53:00,0
5f11c8c1-8229-44d2-af19-7014ca6db943,user_62,37153.0,international,US,web,2024-02-25T11:08:00,0
d90993f4-ef44-4d53-85be-ff3a64df06ef,user_3,4153.54,domestic,AU,web,2024-01-25T01:50:00,0
a1641d37-f1b6-46ce-beff-24358658cbaa,user_144,10003.47,domestic,CA,atm,2024-01-14T04:29:00,0
c6a9dbb1-95fd-407b-a3c6-6ddb60c7a6b7,user_39,26816.62,domestic,US,atm,2024-01-16T00:01:00,0
37a38b8a-9891-43d3-bf0e-68cf19bd2fba,user_160,20591.0,domestic,AU,mobile,2024-02-28T03:47:00,0
709a8287-9386-4371-99ff-2ce36c260db2,user_88,45426.91,domestic,US,mobile,2024-02-18T06:24:00,0
8edc97ba-899c-4f25-9005-d4a39c101696,user_186,32791.27,domestic,AU,web,2024-03-03T00:26:00,0
395a0142-4e01-4823-92e3-8a240456e3ea,user_117,44576.83,international,AU,mobile,2024-02-20T12:04:00,0
a1e50f91-b67b-472e-9a5f-a8a746d6d44f,user_72,5696.98,domestic,UK,mobile,2024-01-12T15:54:00,0
9b0896cd-53d6-4701-8030-047a1ced4cbd,user_80,24545.01,international,UK,web,2024-01-11T16:30:00,0
79ca1c3e-b6fb-4c12-b7b7-282f0a001a4a,user_174,8043.48,domestic,IN,atm,2024-01-24T03:07:00,0
adc094b1-80d2-4c30-94e9-f6390d381a2d,user_181,39153.18,domestic,CA,mobile,2024-01-14T19:49:00,0
f2881e51-dbb3-44fd-a995-50a5a5cce21d,user_86,35430.33,international,US,atm,2024-01-12T10:13:00,0
ff947d5f-5cd6-459c-816b-c432a32968e2,user_181,13733.85,domestic,AU,mobile,2024-01-20T11:55:00,0
b919c2f6-2f22-46db-a389-482fd60747ca,user_22,2648.74,international,CA,atm,2024-01-31T12:34:00,0
4f43bd86-d06a-4fe8-984a-0457f2f0891d,user_161,30429.95,international,AU,web,2024-02-20T22:57:00,0
45fb70bd-4f7c-4529-9736-1bcc185beb7f,user_199,34595.67,international,UK,atm,2024-01-22T04:08:00,0
0aa6225c-cbe3-4d1b-8626-6c760f6e4dbc,user_81,6264.39,international,CA,mobile,2024-02-26T16:07:00,0
ad323f3f-b447-41fd-ab79-824c3b59ef05,user_48,35086.86,domestic,CA,web,2024-02-25T02:21:00,0
3c95a9d7-cec2-4a6d-8ea7-ff74e1229141,user_86,47732.9,domestic,UK,mobile,2024-01-03T06:23:00,0
b7cd4ad0-fb1e-4c0a-a384-f36897f98aa5,user_20,24106.11,international,CA,mobile,2024-01-26T11:57:00,0
3037933f-b1d0-4405-8d47-3d9a582f12a3,user_32,33541.7,international,US,web,2024-02-09T02:43:00,0
1b978087-6af4-4a21-88c6-72be1d73bbc7,user_153,46971.63,international,US,web,2024-02-04T20:36:00,0
859b0a32-89f8-48af-8612-22333a3f1117,user_188,34757.46,international,AU,web,2024-02-17T07:43:00,0
50d930f2-f268-49da-974b-3915ac50cc04,user_178,1704.3,international,AU,web,2024-01-24T10:48:00,0
bc340ec1-21e3-4454-8a0a-6b7fccf0d99a,user_110,15494.88,domestic,IN,web,2024-01-05T03:46:00,0
030ae9e2-c899-4fb3-a990-27f98db7615c,user_52,9645.91,international,CA,web,2024-01-15T03:52:00,0
44aaac2d-0853-4477-bb93-5f197833d9e3,user_11,30562.47,international,UK,web,2024-02-07T04:51:00,0
04f73da5-f7b9-461e-a21d-d03235ee1b64,user_85,43349.51,international,IN,atm,2024-03-01T21:57:00,0
63579026-5bc2-4c29-955d-22cfa3d7a77e,user_94,20575.53,domestic,US,mobile,2024-02-04T02:28:00,0
3c165dc1-e248-4dcd-a323-fb8d0864b1bb,user_1,8915.74,international,UK,mobile,2024-02-12T22:37:00,0
6e0339e1-64ef-4eee-9c17-08b360a99710,user_32,11570.15,domestic,AU,web,2024-03-03T10:09:00,0
6e24b24e-f124-4b9f-95f2-70338978165c,user_26,34861.56,international,CA,mobile,2024-02-25T12:42:00,0
eb89f885-ff0b-4e92-8191-1f3461173083,user_193,8469.65,international,UK,mobile,2024-02-04T02:45:00,0
c024ddaa-3cae-4b7e-bb65-1f28531c3a85,user_103,44342.87,domestic,IN,atm,2024-02-19T10:42:00,0
462ce4b5-f577-4985-a2ed-158df080d156,user_43,25888.21,domestic,US,atm,2024-01-06T16:55:00,0
2a9028e0-4925-4061-9d53-091c6ebdbdde,user_13,49572.87,international,US,web,2024-01-16T10:02:00,0
d97d21a2-e472-4282-8999-be24b3587522,user_156,14745.86,domestic,CA,mobile,2024-01-01T20:56:00,0
4ff4c3c8-0e08-4c03-9b93-0db2d6f38c5d,user_126,47842.14,international,CA,web,2024-03-03T07:53:00,0
eaa9c77e-224a-4b82-ad80-888f264c6b76,user_139,45303.0,international,CA,mobile,2024-02-14T10:28:00,0
ca051a7d-1429-4bf2-9a47-ef6e8c38a2ac,user_133,628.84,domestic,UK,web,2024-01-09T18:56:00,0
f15d03d7-2a4a-446f-8c13-7cd02ceed002,user_160,7964.59,international,CA,web,2024-01-04T06:01:00,0
f2a6adbc-9fc0-494d-980b-3c32c79bf3cc,user_55,13976.68,domestic,UK,web,2024-01-07T23:51:00,0
824fc113-75ba-4ee5-b414-6f0d0084ecba,user_61,46793.28,international,UK,atm,2024-01-26T23:53:00,0
6b7eee83-53e9-41a4-829a-61cf316e8b93,user_195,12516.93,international,US,mobile,2024-01-11T14:07:00,0
e9f18d66-cfb3-4633-95fa-dfacc6201b91,user_56,31498.4,domestic,US,atm,2024-03-03T01:35:00,0
ac59490c-a8a7-4117-89ce-195abe44163c,user_33,15507.89,international,CA,mobile,2024-02-09T03:28:00,0
232931dc-fa23-4773-94ea-be5b6a454614,user_175,16698.57,domestic,CA,mobile,2024-01-23T13:43:00,0
f0cfc74d-a156-4ac0-8b86-1bf7b4e616af,user_152,17029.59,domestic,UK,atm,2024-01-09T01:52:00,0
6b0be95e-83c5-40ea-a95e-b2c11e72eaa2,user_63,16339.67,domestic,CA,web,2024-03-10T06:58:00,0
d4eb8cf1-085c-4302-8021-e9d88119d8f1,user_72,4866.36,domestic,US,mobile,2024-02-13T00:38:00,0
ea8b3beb-ed2e-46da-a0a8-1da4fabc5ebd,user_86,31166.98,domestic,CA,web,2024-01-28T17:38:00,0
b35ebd94-671f-4c24-a562-98187f1d6b69,user_45,34028.09,domestic,UK,web,2024-02-28T21:38:00,0
2c3a2bdc-bb8a-4a05-9b81-fb69e6c9d899,user_134,41689.31,international,US,mobile,2024-03-08T19:06:00,0
58d1cc6c-b4dd-438d-9265-62508ce5827a,user_92,42160.56,domestic,IN,mobile,2024-02-18T13:27:00,0
cd63783e-fde8-48f9-9fbd-06cbc5a7d61e,user_142,21258.89,international,CA,web,2024-02-15T14:38:00,0
395cbf94-794f-4a37-ad3e-3b6a79c1b735,user_11,29859.89,international,AU,web,2024-01-25T07:57:00,0
fac86eb3-2b48-4ecd-96f8-91a36e241dc3,user_83,32483.62,domestic,UK,mobile,2024-02-03T00:54:00,0
4dda7852-4af3-4cfd-a793-5dd15d4dc7ca,user_58,4273.48,international,IN,web,2024-02-25T04:05:00,0
83a79d04-eaa0-46ac-8f1c-16f019e743e9,user_161,19990.9,international,UK,mobile,2024-02-17T00:04:00,0
7e61c5cc-627e-435b-acbe-c5165f533899,user_107,27977.31,domestic,CA,mobile,2024-01-20T22:26:00,0
fd3ada1a-a502-46bf-940b-8961afc38e46,user_101,9765.58,domestic,AU,mobile,2024-01-15T16:40:00,0
6184f3a5-f060-4bc8-9be5-40f7b1925ab3,user_90,3446.72,international,UK,web,2024-01-24T00:22:00,0
867018ba-2861-4cbb-99e6-8d26c9ff6131,user_55,42428.71,domestic,AU,atm,2024-01-09T08:32:00,0
02e37946-f2e1-453a-89da-d8af6172693e,user_133,35775.84,domestic,CA,atm,2024-02-27T15:20:00,0
61c20072-67e3-4e51-82ba-14cb561a5014,user_23,16326.7,international,CA,atm,2024-02-02T12:08:00,0
53ca769b-c5ce-487f-a0f2-c52bfc754882,user_191,31970.7,domestic,US,mobile,2024-02-25T10:00:00,0
91e2d043-5054-4c67-b476-117a61da1025,user_38,39295.53,domestic,IN,atm,2024-02-28T19:20:00,0
be712b8f-c52a-4e5c-b46f-de49d3fc300f,user_126,2700.22,domestic,AU,atm,2024-01-22T23:35:00,0
00de9265-72ae-467a-9f59-2ddd57929d5e,user_196,37748.08,international,IN,mobile,2024-01-09T10:19:00,0
a1cdbdd7-3cf6-4906-9770-f5efeecf7ee4,user_148,23907.25,international,UK,mobile,2024-02-01T20:09:00,0
7bf7b749-a5da-4ba5-a53a-b2d00139ce18,user_111,24138.38,international,UK,mobile,2024-03-03T10:20:00,0
29d7eb2c-f141-4b4a-b507-8b0e7627fad4,user_61,24714.67,domestic,UK,atm,2024-02-09T16:45:00,0
908425bf-1d9e-4d1a-96a7-9053c9ca1f64,user_90,20239.27,domestic,US,atm,2024-01-29T17:35:00,0
efdb0279-0965-4e70-90b6-4cf81f120584,user_1,5654.9,international,IN,mobile,2024-01-24T11:59:00,0
ee4a8b04-5b2b-4209-97ea-2a21b2769b47,user_124,13679.04,international,US,atm,2024-02-07T03:31:00,0
8c37ec44-49e2-43c2-9dc4-d4a672bcd2d1,user_195,30420.61,international,US,atm,2024-01-14T09:20:00,0
73eb15cf-c8c3-46a5-9790-54dbee1c8b0d,user_4,9097.89,international,UK,web,2024-01-11T03:50:00,0
326db44d-6f1b-4f35-a6d1-cd37c9b88a68,user_66,40554.86,international,IN,atm,2024-02-25T07:23:00,0
f8c62043-41d4-4e24-a09b-1d712b99b195,user_37,48160.84,international,CA,atm,2024-01-11T22:51:00,0
0aadadb7-d2a0-4f76-b8c9-4662e2019f76,user_154,15486.11,international,CA,mobile,2024-01-18T09:51:00,0
737aa74c-6237-4bc0-acad-a3d96540e515,user_145,37226.24,domestic,AU,mobile,2024-02-12T09:28:00,0
4b1e31de-fd3e-49a0-ab7f-bf80c5f62c0b,user_170,9331.93,international,CA,atm,2024-02-08T15:05:00,0
e67856ac-881d-4c31-a95b-b1828f06b45f,user_1,1216.41,domestic,CA,atm,2024-01-16T15:10:00,0
c7bc3b94-c911-478f-a266-5b89b419d827,user_165,38699.17,international,UK,web,2024-03-02T14:19:00,0
bbb2cab3-c914-4ee3-bb6e-9c31572a7656,user_29,45875.97,international,CA,mobile,2024-01-20T02:42:00,0
080d964a-efb9-40fe-b0c5-487c57a14fa7,user_42,27094.43,international,CA,web,2024-02-07T03:59:00,0
93bcd817-136b-401e-97ae-1be57d8332ed,user_64,37907.52,international,US,atm,2024-01-06T12:12:00,0
9798ae41-ec22-4227-9ec7-0f5aecf25aa4,user_14,38000.9,international,US,web,2024-02-19T07:55:00,0
2369626f-1ec8-40c1-be97-c24fa3d29ed8,user_127,39063.18,domestic,CA,mobile,2024-01-21T06:55:00,0
9aecf4bc-5dfd-405b-bef9-a271a301b020,user_166,9105.79,international,CA,atm,2024-02-23T18:26:00,0
1fb94dec-a704-4f8d-84d2-934eb535270a,user_128,45357.39,international,UK,atm,2024-01-08T09:19:00,0
f7575300-c00d-489c-ba51-a0bfb718e021,user_103,46341.84,international,CA,atm,2024-01-22T04:48:00,0
0a0eedf9-c608-4a27-a52d-5fab0b3bcbea,user_76,13075.99,domestic,US,atm,2024-01-06T15:47:00,0
46089173-c8b5-4860-8592-be098dfc0627,user_46,32313.86,international,AU,web,2024-02-26T23:18:00,0
7c2913f0-1d19-475e-82e5-9d5eaaa01601,user_2,48318.88,domestic,UK,atm,2024-01-01T06:59:00,0
2d6e55ba-eef0-4ddc-8e2f-43a7568b98e3,user_114,12919.25,domestic,UK,atm,2024-01-31T00:50:00,0
95c977de-2dd9-46d8-8158-0c1bf018a998,user_183,15861.19,domestic,IN,mobile,2024-02-21T22:38:00,0
d9cdb3ea-66a9-401c-9c3a-924489c18fab,user_44,17281.0,domestic,IN,web,2024-01-05T19:44:00,0
194ea78c-561e-4443-a118-19dc3fe316fc,user_148,48007.23,domestic,AU,web,2024-02-04T10:08:00,0
29b5d0c8-d517-4f76-ba0d-af7719e5dda9,user_30,20664.36,domestic,IN,mobile,2024-03-04T02:56:00,0
2dfa89e8-7e7a-4cde-8116-43ffa2e2b3ca,user_55,24179.76,domestic,AU,atm,2024-01-23T16:48:00,0
65e32892-242a-45b9-82a2-c2e0e21fda18,user_19,25991.61,international,US,atm,2024-02-22T12:28:00,0
46a28d54-0d0b-4de2-a989-566c77d6b4c9,user_156,47049.77,domestic,CA,atm,2024-01-18T22:55:00,0
959934da-ed3b-4455-bbf9-751c4e7b1e70,user_135,23744.41,international,US,web,2024-02-07T10:01:00,0
4eeab5e5-b436-4f0f-b723-e6bfeb19e5ee,user_163,32452.21,international,CA,mobile,2024-01-18T03:48:00,0
c3fc0b7f-9992-482b-afb3-a2a41e2fca1b,user_194,30578.97,domestic,AU,mobile,2024-03-01T12:35:00,0
8ad3e0ae-08bc-44d2-aebe-073fd39967ca,user_54,2424.35,international,US,atm,2024-01-21T14:34:00,0
c26516f5-4fa3-4d07-b1b6-499eae1de530,user_2,49865.7,international,AU,web,2024-02-18T06:29:00,0
a84f60db-a535-423c-9743-d0ecdc373457,user_128,2773.58,international,AU,atm,2024-02-16T07:39:00,0
e29d36e8-3770-4511-bb6f-aabffa6104bb,user_106,5783.94,domestic,AU,web,2024-03-04T02:29:00,0
fa2a1761-0800-4ee2-8ff5-a5fa05aab70c,user_50,31330.42,domestic,AU,web,2024-01-01T01:46:00,0
0e8a7622-365d-4b06-bdf8-f7101e02a731,user_69,47415.48,international,UK,web,2024-03-08T01:19:00,0
453393e6-b781-4146-9491-f06fac6cd132,user_169,43204.79,domestic,AU,web,2024-03-03T11:22:00,0
ca9d12bf-78bc-4e34-b157-f312ff13c5bf,user_22,38867.61,domestic,CA,atm,2024-02-08T21:53:00,0
32cc48bf-35e0-4e71-8601-dfba1ca33e8a,user_74,4541.2,international,IN,mobile,2024-02-07T17:07:00,0
86823919-c8cf-4ca0-b22f-d099979d88ef,user_127,10173.6,domestic,IN,mobile,2024-03-01T13:49:00,0
5ac434f8-7ae4-4503-bf37-08bd5337ad99,user_196,32694.1,domestic,CA,atm,2024-01-21T19:02:00,0
f2aa4570-78fd-4bdf-9f2c-26612b442339,user_23,32493.59,international,CA,web,2024-02-10T19:40:00,0
de021490-06c2-42ae-be1e-4f6a42d16cb3,user_133,43176.23,domestic,IN,mobile,2024-02-19T21:34:00,0
6876a166-e9c4-4ed0-91c1-53c3519b5677,user_17,41652.5,international,CA,web,2024-01-07T05:57:00,0
3b31280b-7059-40ea-93d5-5f7c7d3e3227,user_9,21231.22,international,IN,web,2024-02-01T16:04:00,0
0e06a57c-2e29-419f-89c5-45d4e47853a0,user_3,38183.62,domestic,IN,mobile,2024-01-11T12:59:00,0
4f727c5b-6484-45ac-a884-73c911a5c438,user_143,25218.61,international,AU,mobile,2024-03-05T00:31:00,0
319b3a96-6c52-4f69-ad01-6305f665e07b,user_83,16833.54,international,AU,mobile,2024-02-26T03:18:00,0
2c65f37a-fb8c-4837-8b46-13123b0f1523,user_13,13345.82,domestic,UK,atm,2024-01-16T13:42:00,0
e39f63a7-d857-489a-836e-5ea0c2bc2504,user_173,46061.67,international,UK,mobile,2024-02-24T03:12:00,0
6c934ef5-63be-4012-b78b-9b0267d028c5,user_35,39416.01,domestic,UK,atm,2024-01-19T02:18:00,0
e59163af-72c6-4af7-88a3-4f76f13ad263,user_77,35281.46,international,AU,web,2024-01-17T23:34:00,0
b8830265-e783-4d8e-a3f6-cc33950892e6,user_162,1714.08,international,IN,web,2024-01-19T08:39:00,0
f47b4c30-ec4a-4afb-b229-fe2c0007b966,user_175,20234.69,international,CA,atm,2024-03-05T04:56:00,0
7f0f98e8-0786-4050-85c8-8f73c8b2daa5,user_32,11624.64,domestic,UK,mobile,2024-01-01T12:54:00,0
088326fa-ad9b-4ee2-8273-a112a276fbdb,user_84,20854.03,domestic,US,web,2024-02-16T06:57:00,0
bd832a43-913b-4308-91c5-45c9daf85a5f,user_191,44364.04,international,US,mobile,2024-01-08T16:39:00,0
55b34ced-6bee-4cfd-993d-accf03521985,user_162,22226.35,domestic,US,web,2024-03-05T09:26:00,0
db1984ce-307e-4e2b-be07-772e61100778,user_86,10838.66,international,CA,web,2024-01-10T18:07:00,0
2c0f88bd-c2d6-47d4-aa92-c03dfd981202,user_187,1511.17,international,US,atm,2024-02-06T19:07:00,0
8eb845cc-a96c-48d2-93d0-4ce3edc6921a,user_195,23670.15,domestic,CA,atm,2024-02-13T16:29:00,0
2d7a0952-63b8-4aad-ab86-99ef61f72189,user_143,44667.75,international,CA,atm,2024-01-08T01:23:00,0
0943846e-8527-4185-a883-ba428f055058,user_5,38491.94,international,AU,mobile,2024-01-23T04:10:00,0
545618f8-e966-4eca-94a9-d3c19909113f,user_143,120.28,international,AU,atm,2024-01-11T01:43:00,0
4e362abd-2d3b-4766-8185-110bf9c72829,user_61,27274.45,international,CA,atm,2024-02-19T04:14:00,0
4fbf19d8-3a89-48dc-8005-4d7eb51275a4,user_112,17162.37,international,IN,mobile,2024-02-21T19:16:00,0
ebe2fffd-e947-4121-a802-d73d9b5593cb,user_52,19308.53,international,UK,mobile,2024-02-16T19:46:00,0
fd8709a6-96c7-4ac5-836d-60840e093382,user_44,19377.39,domestic,US,web,2024-02-21T22:42:00,0
73d14a37-afdf-45ff-90a4-d18608fd21c3,user_71,28239.97,domestic,CA,atm,2024-01-24T05:23:00,0
75e7673f-406e-4323-8475-dde800593450,user_73,48199.32,international,US,web,2024-01-14T17:33:00,0
83e4b98c-aced-48f4-b5e4-2a69092104ed,user_129,23936.24,international,AU,web,2024-02-12T05:18:00,0
bd8b4c16-7c21-4649-9be5-24758412054e,user_199,34976.01,domestic,AU,web,2024-01-10T16:32:00,0
914857e4-d714-4aa3-bae8-616fc9fbd3ab,user_197,38582.7,domestic,IN,mobile,2024-01-07T15:36:00,0
f1e665b8-fb80-4472-b61d-c6dc5c1c7a7a,user_113,49980.51,domestic,US,atm,2024-02-06T07:50:00,0
356990f5-1331-4642-bce1-0144c20d0d95,user_181,16046.26,international,AU,web,2024-02-29T17:12:00,0
4f0786f3-bd19-4874-b72b-830817507c91,user_27,12137.38,domestic,US,web,2024-01-31T01:03:00,0
9586ae8e-ca21-41ac-91ac-635a428769e6,user_180,8847.36,domestic,AU,mobile,2024-02-20T01:25:00,0
90cbfd19-9e06-4a76-a3c5-a592fb5207b3,user_108,22150.7,international,IN,mobile,2024-02-22T14:30:00,0
9ec40a58-f560-4f91-ab16-6e232f29bd07,user_75,11770.12,international,AU,mobile,2024-01-28T12:03:00,0
c0dd1ee0-caaa-4675-be6f-570a176313ed,user_188,14699.73,domestic,IN,atm,2024-01-18T20:49:00,0
11178384-ae07-4a16-b27b-5d127d63ed20,user_115,2258.84,international,AU,atm,2024-02-18T00:22:00,0
0152d4f2-d7eb-4402-ac1c-62daf964d3c8,user_60,10009.73,international,UK,atm,2024-01-10T08:20:00,0
bda9e07c-0795-4473-90f7-df6458d8e6c6,user_80,6794.5,domestic,UK,mobile,2024-01-14T05:54:00,0
19c027a0-0944-4626-b5a3-7f392cfaa9b3,user_192,14637.2,domestic,IN,mobile,2024-02-14T22:58:00,0
8d2558f7-5e27-4efc-8dc8-be673647a0e3,user_174,34064.4,domestic,UK,mobile,2024-02-20T21:33:00,0
168cbaba-407f-40da-a681-858a1625bce6,user_110,42820.5,domestic,AU,web,2024-02-28T22:00:00,0
3c587853-475d-4dfc-a565-b9cb768a3477,user_8,42909.87,domestic,AU,atm,2024-02-28T08:24:00,0
694e32dd-77fa-40d8-aa7e-5293e5a27e0e,user_71,8027.62,international,CA,mobile,2024-02-29T06:17:00,0
5c64d96c-cdf1-4be9-bf73-84c303f2c0f0,user_177,27609.36,domestic,CA,mobile,2024-03-06T10:38:00,0
3a56d2fe-a297-4a16-b677-3fea7120ec38,user_50,45496.94,international,CA,atm,2024-02-14T13:34:00,0
10adda74-9d7a-4480-89a2-d68534c200ae,user_159,32141.04,international,CA,mobile,2024-02-21T12:35:00,0
9f612920-3a97-4b86-a537-c1c878a02180,user_187,15374.56,international,US,atm,2024-01-26T12:38:00,0
bfebe95c-b721-47d2-a93d-00432029a603,user_100,44628.05,international,IN,mobile,2024-02-24T10:25:00,0
022e5d6f-5449-4dd1-b74c-21ce65b31e41,user_77,48166.65,domestic,CA,atm,2024-01-30T11:39:00,0
9973c51a-8ebd-48b8-a792-5cd15cc70e67,user_144,43007.41,international,AU,mobile,2024-02-03T07:24:00,0
c9c05440-2cea-41ee-98f9-a844be23c21f,user_135,4172.13,international,UK,mobile,2024-02-03T15:52:00,0
8006e8f1-bbbb-4c43-a207-261c0f2e4296,user_62,5754.74,domestic,US,atm,2024-02-04T14:37:00,0
a6b2ee6e-133c-4820-9c79-5c8f29b4f32c,user_32,19116.58,international,CA,web,2024-01-22T08:14:00,0
2b59d127-31b5-4e71-8fd9-e2f60014966a,user_112,45651.9,domestic,IN,atm,2024-02-18T09:40:00,0
8ba4cbf6-be73-483f-bae8-22624b1b57c2,user_49,17442.17,domestic,IN,mobile,2024-01-31T19:10:00,0
8a2c9323-d0aa-4cf8-93d7-9f9e6011942d,user_184,29699.52,domestic,UK,web,2024-02-19T16:09:00,0
83540787-9050-4051-8394-ed83ccbc6ab3,user_178,23434.33,international,IN,web,2024-02-14T16:14:00,0
a7f0d9b9-a419-4220-b755-1e33bf05705e,user_127,19838.3,international,US,atm,2024-02-18T10:31:00,0
35eab869-6af0-4ebb-8cdc-585e51786a4c,user_163,47943.09,international,IN,mobile,2024-02-22T20:21:00,0
45fbb539-347a-4b15-9c7e-ff5f044e18cc,user_5,49742.72,domestic,IN,atm,2024-02-07T10:26:00,0
5f6812ad-454a-41bd-ad7b-b9024c098216,user_104,32995.84,domestic,IN,atm,2024-01-21T06:36:00,0
23eb22e1-ba51-44a1-bdcb-79967a9e0381,user_190,21811.92,domestic,CA,atm,2024-02-12T13:29:00,0
cd003c7d-76a4-4ae9-902a-595723f8a1b1,user_16,36259.61,international,US,mobile,2024-01-03T07:15:00,0
91e0d266-627c-44b0-9ac7-c009eea0f094,user_155,46902.4,international,CA,atm,2024-02-17T19:46:00,0
c0731bea-82be-4abc-91ca-379d72293dc5,user_26,8593.17,international,US,mobile,2024-02-13T05:15:00,0
56c3ac41-e3ff-4e91-a119-72e001eace69,user_33,49765.17,international,IN,web,2024-01-19T05:24:00,0
36b2c787-7041-497c-921b-044477c8c5f1,user_129,13130.77,international,AU,mobile,2024-01-28T23:49:00,0
6d2650fc-10c4-4f77-ab48-23f031a824e4,user_165,7901.6,domestic,UK,mobile,2024-02-10T16:05:00,0
50b719e6-6574-4f27-897d-494520b7eb22,user_145,33145.16,domestic,US,atm,2024-03-04T20:53:00,0
b2b74385-be85-4861-9b36-3a7ce64dc2dc,user_130,28154.43,domestic,UK,mobile,2024-02-29T19:19:00,0
f6799efc-b48d-4f32-95fb-9b3c3e85b0f7,user_8,36041.77,domestic,UK,mobile,2024-01-15T17:40:00,0
7bff0837-8e40-4325-9a54-52d02104e053,user_110,20119.39,international,US,mobile,2024-01-19T15:26:00,0
f83ce5f3-c034-461f-b343-7029d600fa9d,user_15,15708.76,domestic,AU,atm,2024-02-01T04:48:00,0
c29e3c1a-9b26-41b8-b89f-39905d08084c,user_117,48911.39,international,AU,atm,2024-02-04T16:24:00,0
c42a9322-b2bc-4f37-a062-c84ae2a3299b,user_191,40193.11,domestic,IN,web,2024-02-01T00:10:00,0
16f980ee-0cde-44ee-8a94-409fb798dd15,user_158,46254.47,international,UK,web,2024-02-01T17:07:00,0
3c8417b0-d58d-4536-a733-b4b2bf5207d4,user_128,4666.97,domestic,US,web,2024-02-15T16:00:00,0
cdcaa6aa-3d40-4ebe-8648-4f40f0ba185a,user_165,34712.5,domestic,US,web,2024-02-07T01:43:00,0
38e0c807-93b1-4776-94e8-995da65515f7,user_79,12970.2,domestic,IN,mobile,2024-01-30T02:43:00,0
0c14a8ab-8a2f-407c-8af3-5b629695624e,user_78,41815.46,international,US,atm,2024-02-25T09:57:00,0
3ed88631-4cf1-49f9-8d98-46ef68af0821,user_112,12232.09,international,US,mobile,2024-02-18T00:19:00,0
e4b239c2-5290-43a3-ba60-774af94c5bb0,user_150,38461.77,domestic,US,mobile,2024-01-22T05:11:00,0
a42ffd29-488f-4475-b601-408f69593871,user_153,1287.14,domestic,CA,mobile,2024-01-23T00:47:00,0
76c1328c-d11f-4b1d-a251-0850360219d3,user_60,17045.37,international,UK,atm,2024-01-27T05:36:00,0
1b615ac2-051a-4469-b172-4939690f3d47,user_102,6292.31,international,CA,mobile,2024-03-07T07:14:00,0
7719274d-d6ad-4535-9ee8-c9ea098bd06f,user_73,42696.63,domestic,US,mobile,2024-02-16T11:23:00,0
3d86e572-3664-4752-ba5b-f3f94e718b97,user_88,7607.04,international,CA,web,2024-01-06T21:07:00,0
8c58d130-a474-4d79-9fbf-1cd996be3a69,user_105,14453.54,international,CA,atm,2024-02-23T18:59:00,0
31f272b7-c9c5-45ce-be3f-67aa337bcf87,user_98,4407.54,international,CA,web,2024-01-13T11:13:00,0
b58003a1-9630-45d3-a098-656c7b8d8b25,user_12,14185.15,domestic,CA,mobile,2024-03-01T09:49:00,0
61917364-1d9a-4a89-b3f3-0ab7c829f51f,user_95,23156.51,domestic,AU,mobile,2024-01-03T19:21:00,0
43f0d416-e66f-4579-8043-f5cb4c06fdcb,user_105,7681.57,domestic,UK,atm,2024-02-20T16:21:00,0
7dbf0e43-216f-4bd8-8245-e4d7f7a0b19c,user_9,12689.51,domestic,UK,atm,2024-01-19T19:52:00,0
63d94702-df5f-493e-bc52-091ad47db812,user_16,21940.76,domestic,IN,mobile,2024-02-29T13:16:00,0
2156b276-9256-41b2-bfa7-7ba7d55027d1,user_21,24813.95,international,IN,atm,2024-01-02T01:37:00,0
ef252310-f5c9-4358-8ba8-90fd3afebf02,user_185,12378.62,domestic,AU,atm,2024-02-16T08:23:00,0
054987bb-9746-496e-93a6-64af717a45a4,user_89,21751.02,domestic,US,mobile,2024-01-22T01:22:00,0
b2927538-026f-4cf9-ab8c-e7d8bab635ce,user_77,10260.19,international,US,atm,2024-01-08T15:05:00,0
1bf7178a-c82e-4d5a-95de-df3cec583fa1,user_195,10846.19,international,UK,atm,2024-03-09T09:46:00,0
7364891a-c63f-4c6f-bcfe-64ed9eba5a0d,user_181,28269.21,domestic,UK,atm,2024-01-24T14:32:00,0
18123172-0585-4cee-bad9-238306997a63,user_21,34365.85,domestic,CA,web,2024-01-04T11:41:00,0
f87635de-6ab0-4a7f-955e-85b6b2acc75e,user_145,32973.51,international,AU,atm,2024-03-07T17:35:00,0
69158846-3d84-4d3e-8aff-a6bddcfdeb30,user_63,16534.74,international,IN,web,2024-02-27T15:19:00,0
0ec8c4e9-8895-4654-b2d3-068ca9510e8e,user_24,1820.04,international,CA,atm,2024-02-12T09:22:00,0
3c312644-ce6a-4e90-9c9a-43448078bbfd,user_36,45439.25,domestic,AU,web,2024-01-14T00:03:00,0
96852357-3d8f-47f1-aaf5-df322e8088f6,user_158,28679.73,international,AU,atm,2024-01-23T15:01:00,0
42c43531-8fde-46d3-815e-0f4188d4582e,user_177,29297.02,domestic,IN,web,2024-02-10T11:41:00,0
1054e3fd-77f3-45d7-9c72-f2735af307d7,user_85,28794.01,international,AU,web,2024-02-11T10:48:00,0
a130d076-96a6-4232-bb1d-260cb35e9873,user_13,21862.72,international,UK,mobile,2024-02-25T17:35:00,0
70c20678-4924-4107-8a4d-617c97abbc43,user_176,22268.79,international,CA,web,2024-01-27T02:01:00,0
6b9badb4-dbb3-426f-9304-358020332db7,user_160,25545.02,domestic,US,atm,2024-01-22T07:45:00,0
9fa1b08b-f0a6-4f22-bb03-08f61ca3628b,user_92,21887.6,international,AU,web,2024-01-10T13:26:00,0
d633511a-90e5-4025-b3db-faf805086980,user_56,1345.79,domestic,AU,web,2024-02-19T16:58:00,0
66804277-95bd-466a-a9eb-70338f35d193,user_129,9317.87,domestic,CA,atm,2024-02-29T19:05:00,0
c273b715-e5c4-403a-b160-f3094521d4f7,user_159,17426.3,international,US,atm,2024-02-13T06:38:00,0
51c05205-58f8-4049-af8b-79d50b22d1aa,user_1,12883.04,international,UK,web,2024-01-17T13:37:00,0
9233880c-8544-4513-bec9-bf9feeb4ebb0,user_130,21042.43,domestic,AU,mobile,2024-03-05T15:04:00,0
87356fd3-85ff-4dd3-af93-478f282263be,user_5,3322.85,international,CA,web,2024-01-09T09:43:00,0
a94573bc-36c6-4c4b-bdfc-59d80be95303,user_11,4903.13,international,IN,mobile,2024-01-06T23:02:00,0
e50b94dd-d9c5-4f14-96a4-8f7d1463ee38,user_156,12500.84,domestic,CA,mobile,2024-02-22T10:20:00,0
bce518d3-205c-4b21-89ff-959a9e373670,user_79,6186.84,international,IN,atm,2024-02-06T23:08:00,0
f68751e2-8f6e-4adb-9bde-8a6c93d15f0f,user_32,7439.72,domestic,US,mobile,2024-01-02T23:26:00,0
938c18f7-5d54-45c7-86e3-86150441949b,user_14,13333.03,domestic,UK,atm,2024-01-09T23:09:00,0
82ea4b5c-daf9-476e-ab35-34c7504ef829,user_156,14935.07,international,IN,mobile,2024-01-13T15:00:00,0
db82f450-b4ff-4eae-be38-6ba8749eef17,user_55,46664.24,domestic,UK,atm,2024-03-08T21:56:00,0
11ff5d1f-230d-4608-9503-98847289ab5d,user_135,22055.43,domestic,US,mobile,2024-03-07T18:28:00,0
922290e2-e7df-4b18-82aa-9b121253c5d2,user_151,49449.7,domestic,IN,web,2024-01-29T13:47:00,0
f9e7d585-694f-4690-a10e-c34dc96f7c46,user_149,49392.17,domestic,CA,mobile,2024-02-11T18:15:00,0
934aa0d3-04d8-4d31-8b7f-019c2f6333c2,user_43,23683.52,domestic,UK,web,2024-01-01T03:38:00,0
a0469926-ebcf-4f97-b1b1-0c6184b7b6e4,user_49,15031.75,domestic,CA,atm,2024-01-24T23:26:00,0
29408ab0-891b-42eb-adf1-61c1e5791a0a,user_144,48963.67,international,AU,mobile,2024-02-06T03:26:00,0
1ed1ee59-c70b-48d1-9d5f-5cafec6ef0fb,user_67,37701.38,domestic,UK,atm,2024-01-24T04:28:00,0
37146893-05ad-40b0-82ed-77984a686ed8,user_92,17617.31,international,CA,mobile,2024-02-06T11:43:00,0
f770c97a-19d4-4d94-83f6-166e5fd6d32e,user_147,36773.66,domestic,IN,web,2024-01-29T02:51:00,0
fce26a6b-9c33-4ebd-b244-33d9c0214424,user_184,29049.96,international,CA,web,2024-01-22T13:23:00,0
d01ec564-4247-4551-ad9a-cd5fe3673d45,user_74,12155.45,domestic,IN,web,2024-01-05T03:09:00,0
3cd21117-4561-461e-97dd-f9067e1a0438,user_166,17256.2,domestic,UK,mobile,2024-01-24T09:45:00,0
e5281184-1b23-438e-8237-ad0582c92d23,user_77,11381.79,international,US,atm,2024-01-01T00:24:00,0
3ca6c943-dbc6-4df5-a4db-a04007aac5bf,user_113,5171.61,domestic,CA,mobile,2024-01-07T05:57:00,0
d204c3c1-29a9-4641-9c13-53b498a77ed9,user_191,45992.34,domestic,CA,atm,2024-02-20T10:08:00,0
c816aaac-b337-4e0f-89d6-fdb5fa583013,user_141,3750.94,international,CA,mobile,2024-02-29T15:58:00,0
1a126e2a-55f6-4e0c-9a1e-1b23bd0e1817,user_99,36203.27,domestic,IN,mobile,2024-01-29T15:24:00,0
acfe3bbc-b99c-4232-b5a9-2bf6418918ab,user_155,29458.04,domestic,US,atm,2024-01-04T06:29:00,0
8b785c38-2dd2-47c3-82b3-9d0ba4d00483,user_103,13856.46,international,UK,web,2024-01-10T14:00:00,0
c496b92e-d937-44ed-9759-d8dc54adaef5,user_96,12950.92,international,US,web,2024-02-12T02:55:00,0
a5c234b0-4afb-461f-845b-a775851c4a56,user_45,7243.9,domestic,US,web,2024-01-03T22:02:00,0
3a9cf6bf-2053-4f4d-9273-4fecba09dd01,user_123,12706.28,international,CA,mobile,2024-01-16T09:10:00,0
f53a56f2-6abc-49ab-ade9-7fcc8c318e73,user_59,46706.43,international,UK,web,2024-01-01T11:10:00,0
49cd9961-89df-465d-8846-1f44e45fd3bf,user_134,18951.21,international,US,web,2024-01-19T12:58:00,0
3402f753-09f5-4999-900b-9968d1e53fec,user_17,49007.66,international,US,mobile,2024-01-04T13:54:00,0
f2c02be3-b1b4-495f-ad5c-7077661e904c,user_74,10623.45,international,CA,atm,2024-01-03T17:08:00,0
ca9721ea-3e1a-4a2a-ae84-41c843782d35,user_67,4643.5,international,US,atm,2024-01-20T17:31:00,0
55c18f53-b62d-42c3-95f7-3be5652bbdad,user_190,32221.77,domestic,IN,mobile,2024-02-13T07:33:00,0
4ba24f4f-2c6e-47e9-8173-db8a87d950ed,user_75,3646.0,domestic,US,web,2024-02-11T06:49:00,0
723c6f9d-0c51-484c-91f9-3e068f618ffe,user_58,49403.53,international,UK,mobile,2024-02-21T06:37:00,0
c5dc53ca-1f18-46a1-af9c-3b1405f36277,user_72,16960.02,international,IN,atm,2024-03-09T12:27:00,0
bab77865-3e5a-4e7f-be23-0005f2e401cf,user_172,8081.67,international,IN,mobile,2024-02-20T21:04:00,0
679f2e34-f977-42aa-a852-cecc1b6d46bb,user_68,16002.88,domestic,US,atm,2024-01-02T18:28:00,0
08bf1f73-2ab2-45b4-a3dc-5c1c37d7f40b,user_128,46341.87,domestic,AU,web,2024-01-20T16:43:00,0
4742eb17-ad21-453c-9dec-a8706517290c,user_128,29375.8,international,IN,web,2024-01-01T20:11:00,0
99bf11c1-c105-44ff-b6da-8ec7a51ea91c,user_166,24926.54,domestic,IN,mobile,2024-01-17T04:14:00,0
4c569f1d-a102-468d-a598-0561e428869b,user_143,35130.09,international,CA,web,2024-01-29T09:04:00,0
3516b097-6475-4df6-8273-92265a1c36c1,user_113,25379.32,international,UK,atm,2024-01-03T14:15:00,0
a546ec83-6b2d-4311-9849-61d61e8948bb,user_132,7202.88,domestic,AU,web,2024-01-21T17:16:00,0
d1af2829-c987-46ad-aefb-4c00829a3c3a,user_59,20681.24,domestic,IN,web,2024-02-20T03:35:00,0
0b9c6d0a-e58d-4d93-9337-bba3fe368a76,user_38,2456.59,international,AU,web,2024-01-26T00:41:00,0
d80ab2dd-fc7a-45b8-b306-7a805bf59f10,user_93,2760.21,domestic,US,atm,2024-02-10T00:14:00,0
45c63d5d-1417-4694-a530-3fcf786d410e,user_120,6670.78,international,AU,mobile,2024-03-07T15:56:00,0
ba34a4b3-5068-426c-9d91-e17121526d43,user_148,22536.05,domestic,AU,mobile,2024-02-16T18:30:00,0
cea31197-8558-4e5c-bbfc-ba46ae558cd4,user_56,19779.45,international,CA,mobile,2024-03-02T07:57:00,0
4d6c6e05-c007-4e34-95ac-e951a0213edd,user_102,28645.12,international,IN,web,2024-02-15T19:14:00,0
1893dc6f-abfb-4167-8255-cb54144328ea,user_18,19973.85,domestic,IN,mobile,2024-01-16T15:15:00,0
f9afbe92-d0e8-43e1-be9b-982e1d691165,user_145,12098.85,international,AU,atm,2024-02-23T22:18:00,0
230e7924-7309-4ba7-9432-4618470d4a86,user_143,49083.82,international,UK,web,2024-02-10T08:27:00,0
f5d43c12-d7ab-4609-9fcc-5c2d13afb3d4,user_115,17959.44,international,AU,atm,2024-01-17T18:27:00,0
24d643ac-da0f-49c0-ab89-0781a3be3649,user_135,11879.26,international,UK,web,2024-02-22T00:25:00,0
9d7bbe8b-0312-42ae-b7c9-2959036f84ae,user_180,38287.72,international,IN,mobile,2024-02-09T03:04:00,0
9823e7a2-6f2a-4acb-bdb8-018f1f5ed9f9,user_20,48646.76,domestic,CA,atm,2024-02-06T14:28:00,0
e2a9858f-10fd-4b96-acd7-87269e44ac63,user_6,8166.36,international,US,web,2024-01-07T20:58:00,0
316563c1-f35d-4a12-8582-877263da0d10,user_92,32215.04,international,UK,web,2024-03-01T03:30:00,0
f9eb044f-4762-4b4a-a57e-05d92b5af8ec,user_115,39620.23,international,CA,atm,2024-02-01T02:52:00,0
2277a01d-d43c-424e-a530-2189302d9110,user_189,41391.23,domestic,UK,mobile,2024-03-08T08:00:00,0
1a79f1dc-665b-4cf7-8f47-a2ad9ab47915,user_107,35872.74,domestic,UK,mobile,2024-02-15T19:44:00,0
b78c048a-d179-473e-9842-593c126a74e0,user_53,15804.4,international,UK,mobile,2024-02-04T06:12:00,0
10258b91-e87c-46c8-8d98-7f64e9ed7da2,user_154,30940.31,international,IN,mobile,2024-02-28T11:54:00,0
4d8ad6fa-bc35-477b-9a8e-b48c91b3d0ca,user_8,22743.28,international,UK,mobile,2024-01-30T19:38:00,0
79162fc8-f8da-42e4-b9bf-c07d7ca9c83b,user_90,29332.14,international,UK,web,2024-02-08T12:34:00,0
f95ae7d1-d3d9-4b70-87d4-7a957d0f3530,user_43,33363.28,international,CA,web,2024-01-19T19:31:00,0
fb61a1b7-cfe4-4b31-a640-25a91bbad1f1,user_22,35259.51,domestic,US,mobile,2024-01-23T08:04:00,0
0edf5c50-0588-4ddf-9d23-dc582ea75dcb,user_15,21664.45,domestic,IN,web,2024-01-31T08:16:00,0
662735aa-fb77-4c06-838d-cac8931ff48a,user_168,20989.12,international,CA,atm,2024-02-28T10:33:00,0
f05f5626-c42b-4032-bd3a-f75a3b0fadf4,user_69,129.56,international,AU,mobile,2024-03-08T00:57:00,0
0a297c13-bfb0-405b-b699-98067de6728f,user_90,41284.58,domestic,IN,web,2024-02-10T09:52:00,0
2a399a85-79fa-40ed-8de0-cf9d7b52edbb,user_116,15430.94,international,IN,web,2024-01-30T15:42:00,0
058430a3-87a1-4368-a2b4-973406266dc9,user_12,13723.18,international,UK,web,2024-01-10T05:50:00,0
32e2f051-e21c-494b-9973-3bb1654b5f5d,user_105,3099.56,international,AU,web,2024-01-21T15:44:00,0
b6a2cf9a-bd84-4cd7-a0a6-b7b1c51de05f,user_178,22335.8,domestic,UK,web,2024-03-07T17:54:00,0
83efa696-157f-49b6-8103-1ca71a7c347b,user_46,29074.48,international,UK,mobile,2024-01-22T20:21:00,0
0fdebc97-7ff1-4beb-bb2b-e6e3a05f6a5f,user_96,37419.06,international,IN,mobile,2024-01-11T00:39:00,0
a4619e87-c2ae-4f56-acee-25dc0c36747e,user_182,45102.96,international,UK,mobile,2024-01-14T05:34:00,0
f16bc4d1-6f57-4ae2-ae5c-a68f862096c5,user_63,11787.79,international,CA,atm,2024-01-20T01:11:00,0
7f72b454-53bc-492a-90ca-c919033e5a88,user_156,45229.59,international,CA,web,2024-01-19T00:19:00,0
ea9d3737-4aa7-45b1-b9ca-c1f6140e03e6,user_200,21378.69,international,IN,mobile,2024-01-15T16:43:00,0
c59710cb-c1b8-4b19-bfb8-56c481f2af90,user_12,43274.29,international,IN,web,2024-01-10T08:34:00,0
7aba800c-f20b-4a8a-bc66-c325db5f2be5,user_137,5952.81,international,AU,mobile,2024-02-17T20:12:00,0
1eddef04-a18f-4fe1-bd85-a3426b4e40f6,user_114,5996.71,domestic,UK,mobile,2024-02-10T14:59:00,0
02f7d228-a465-4c1b-af66-0e91632f2336,user_90,42028.02,domestic,AU,mobile,2024-02-03T12:04:00,0
0c529bc0-3714-4bf1-b5bb-24644c5d3511,user_2,8405.66,international,UK,mobile,2024-03-07T09:36:00,0
0072573b-51c0-4656-826e-06fe72a3bd6e,user_82,26985.76,international,AU,mobile,2024-02-04T17:50:00,0
45587489-4182-4015-aff6-06eb5fe9f17c,user_48,2655.03,international,UK,atm,2024-02-20T00:24:00,0
deb33a74-a3be-48b9-bb3d-cddf383fd677,user_42,46981.02,domestic,AU,web,2024-02-27T05:49:00,0
f34ee7f2-5e32-49db-919d-d3bf50cd502d,user_54,12485.27,domestic,CA,atm,2024-01-15T02:34:00,0
1777c0c5-fbd4-46d9-adf0-c5667918e5a9,user_5,42450.46,international,US,atm,2024-01-19T05:51:00,0
047ee9de-7d45-4253-8e18-398a66488ede,user_21,44263.86,domestic,CA,web,2024-02-11T09:20:00,0
b47d3c9c-1b26-42ca-8ecc-570ec72119c6,user_6,21288.87,domestic,US,mobile,2024-02-20T16:36:00,0
9c91b444-1056-48af-b6e3-97fdb75e5f83,user_49,40662.81,domestic,US,web,2024-02-07T19:18:00,0
866832b8-a15b-458c-a55a-25b8acaaa00c,user_51,568.95,international,UK,atm,2024-02-10T02:34:00,0
8e57bb5e-d155-44ae-b689-6aa0f25f0f5a,user_94,21775.74,domestic,CA,atm,2024-01-14T13:53:00,0
8ea0baa5-4b70-4b44-aa62-6e806d82d9ed,user_147,42180.76,international,UK,atm,2024-02-06T02:22:00,0
1644b02a-807c-4466-89aa-22a8ace96bc9,user_66,4615.64,international,UK,web,2024-02-24T04:00:00,0
912b58e8-49c0-4fcd-a77e-1eb7bd12f724,user_39,39141.88,international,US,atm,2024-01-31T21:01:00,0
55e4dd61-edd6-457c-b092-bba5167d5ba7,user_130,24725.02,international,US,web,2024-02-04T00:44:00,0
338f09fa-5847-4474-93b6-5d7fbb80627c,user_37,48306.83,domestic,US,atm,2024-01-27T06:00:00,0
44568407-e157-48c2-9a5e-053fa81e33c0,user_105,36463.32,international,AU,mobile,2024-01-16T23:49:00,0
c88e4ee4-a4aa-4029-b798-b3d109942bca,user_128,13177.0,international,CA,mobile,2024-01-04T04:16:00,0
0ff25cc2-cc43-4a9e-a671-29d0567f0cda,user_199,40247.0,domestic,UK,web,2024-01-21T14:11:00,0
677e5141-2855-4c38-bdca-c604a8338112,user_55,22663.54,domestic,IN,atm,2024-01-18T23:02:00,0
3a7f6bc2-1f3c-4237-ad81-c61c86225287,user_99,33926.96,domestic,IN,web,2024-01-03T02:40:00,0
5ff02606-5eb1-43a8-9a8e-d99e4ac3a344,user_160,32546.15,domestic,IN,mobile,2024-02-15T17:29:00,0
5ae8e66d-abce-41e3-9d45-f1a07f3fd2e2,user_50,32801.96,domestic,AU,mobile,2024-01-01T22:50:00,0
9fe56998-b53b-4214-861e-74ff24f93922,user_179,36289.65,international,IN,atm,2024-01-08T04:37:00,0
d9345b28-4764-47ad-87ed-074df8e02289,user_103,1721.65,domestic,US,web,2024-01-06T19:19:00,0
4489db42-f084-4865-902f-0502be217ba9,user_188,47232.47,international,AU,web,2024-02-28T17:16:00,0
273a43ef-a076-4164-b6f5-2e68f31f1a3c,user_172,4270.31,domestic,AU,atm,2024-02-10T00:19:00,0
ba9a509a-ade2-4ca7-9cb1-b6b62fa170a1,user_190,16870.31,international,CA,mobile,2024-03-06T06:37:00,0
fd6b3812-d748-4ac4-82b4-9effd0dfb18b,user_169,9795.89,international,CA,atm,2024-03-02T14:31:00,0
082d5d98-4651-4bc0-8eba-199f9b03330c,user_50,28571.27,domestic,US,web,2024-02-29T20:54:00,0
9ae1bd37-2d28-42d4-9ac0-180ce7325e52,user_175,16914.66,international,US,mobile,2024-02-29T22:25:00,0
4314fbc0-40ee-4dab-a064-358f01acd3d7,user_125,45333.14,domestic,IN,web,2024-01-06T14:15:00,0
9d688803-ef1c-4b5e-bbcf-7829e68c241e,user_197,28028.65,international,UK,web,2024-01-27T21:35:00,0
86be08ef-d885-440c-b93b-6bc203932e14,user_5,48875.71,international,CA,web,2024-02-15T17:07:00,0
a81faaa6-3885-44e4-916f-1ed64931de58,user_27,30286.65,domestic,US,web,2024-02-04T06:54:00,0
0764136c-63b3-4b0b-8afa-ec37b7b37d41,user_137,23248.5,international,IN,web,2024-01-22T02:30:00,0
70c861d4-2f86-4760-ba7a-78aeb6b96087,user_49,35737.3,international,US,web,2024-02-14T18:03:00,0
7f56e1e7-3826-479d-861e-e852517ac15e,user_116,29925.53,domestic,AU,atm,2024-01-15T07:54:00,0
d3b6d8a8-c760-4cc8-b9e8-37dcad34c632,user_61,42866.7,domestic,AU,mobile,2024-01-05T15:01:00,0
3e33de67-8150-4a03-a088-72696f973e0f,user_113,9301.94,domestic,US,web,2024-02-15T02:42:00,0
dff94b63-6061-4813-8fbb-d85f70e38cf0,user_191,46253.5,international,CA,mobile,2024-01-20T16:55:00,0
19ba9c8f-3557-418b-ab11-72f9854b5798,user_97,38132.35,domestic,AU,atm,2024-03-07T01:54:00,0
6163a535-accc-47a9-ab01-8a4b9e2f882d,user_11,24299.31,domestic,IN,web,2024-02-14T09:49:00,0
4f326c2a-fc6f-4c5e-aa48-699b9621fd1a,user_60,43967.34,international,UK,web,2024-03-09T21:56:00,0
f0006d5e-1402-44a8-b6f0-a8d19558330a,user_24,4007.24,international,UK,atm,2024-02-27T12:54:00,0
86e0af69-43c0-46af-a0c5-1344896e1252,user_23,13730.38,international,US,mobile,2024-01-23T07:01:00,0
12942b40-0225-4d5f-b1d3-0c3aed38fad4,user_31,16951.12,domestic,AU,atm,2024-02-13T04:54:00,0
8b50b769-cab2-46ab-acbd-b22b814c6bb6,user_38,35148.22,domestic,AU,web,2024-01-14T14:30:00,0
748ba991-6809-44c3-a819-caf40e42ce15,user_161,37783.45,domestic,CA,atm,2024-02-17T16:40:00,0
834d4b3a-c10e-47c2-9c09-c791fee536bd,user_80,48818.17,domestic,US,mobile,2024-01-18T23:08:00,0
2eb14ada-dedf-4141-ba1a-03be5a548f38,user_152,7305.89,domestic,UK,atm,2024-02-15T19:18:00,0
44a0c1f3-e070-47db-97e0-505f9337b8c2,user_30,35741.42,domestic,US,mobile,2024-03-06T03:45:00,0
23fc1d79-3bfb-4276-8d7c-7c52159dc7b8,user_190,35367.35,domestic,CA,mobile,2024-01-02T17:40:00,0
5ce2ed37-caa6-41a2-aac6-0b80add44705,user_40,48707.85,domestic,UK,web,2024-01-08T17:44:00,0
590f6677-cc6f-4105-9d63-0c31672e9e2b,user_27,9766.94,domestic,UK,mobile,2024-01-15T14:59:00,0
b0eb56ba-135b-401b-b9cb-9c51706de9c1,user_61,1749.41,domestic,CA,atm,2024-03-04T10:56:00,0
2a81d51c-cf03-4b77-90bd-a46cdbfeb5f3,user_182,46771.44,international,CA,web,2024-02-21T13:03:00,0
cd865cec-621c-45b0-a4bc-eab696adcac3,user_25,44578.78,international,US,web,2024-01-25T05:21:00,0
b2eb66c5-1a58-442d-b7f3-621e02d6a13b,user_29,35835.18,international,UK,mobile,2024-02-19T20:38:00,0
50302713-22bd-4514-999c-9adb56d3ee09,user_120,17697.97,domestic,CA,web,2024-02-21T11:33:00,0
ca32bcf6-37d9-415d-a3c3-e2ab4036f9d9,user_6,33100.76,international,CA,web,2024-02-11T12:40:00,0
bc7182b0-4892-4d70-a960-55bb2b80ec16,user_75,48681.81,domestic,IN,atm,2024-02-07T23:12:00,0
299cdda2-2292-4089-8076-28c066e85e44,user_75,20526.08,domestic,IN,web,2024-02-27T13:23:00,0
8c7a5d0b-189b-4e56-8f83-c78302876a58,user_182,49778.6,domestic,AU,mobile,2024-02-28T03:38:00,0
21e40bf7-8f15-4f73-b428-8c47507361fc,user_81,16977.76,international,AU,mobile,2024-02-09T04:11:00,0
74d7fa04-e6f1-408a-a048-9ce64d7263fa,user_132,27606.02,domestic,CA,web,2024-02-03T06:18:00,0
270043af-2db4-4a85-9fdf-8c80359b5229,user_168,2193.72,international,US,mobile,2024-01-09T06:12:00,0
7dfc2b88-83a2-4a99-9d30-3a33d6f5e743,user_196,44047.15,domestic,US,atm,2024-01-03T10:21:00,0
88772eed-7e52-4604-bd56-15a99b18a655,user_101,22938.54,international,IN,mobile,2024-03-03T10:17:00,0
28ba7239-7f8b-41d7-b527-f9512eba0e82,user_11,2505.66,international,UK,mobile,2024-01-06T01:04:00,0
332c16b3-d42b-41d7-97c4-0b2c717e7a03,user_129,48527.13,international,AU,mobile,2024-02-21T20:55:00,0
e45e98a6-1873-4c21-8320-765d5d528484,user_200,20142.33,international,IN,mobile,2024-02-03T14:50:00,0
5f8d0831-9eef-4889-977c-4327de67962c,user_59,20209.94,international,US,atm,2024-03-01T15:33:00,0
1195ece6-6cc7-4ed8-90a0-885c240b2122,user_167,20650.78,international,AU,atm,2024-01-18T04:29:00,0
8ad5ee19-ad41-4508-ae3a-ace9d1edf967,user_183,30711.82,domestic,UK,atm,2024-02-03T17:20:00,0
5ef4e3a0-4379-4239-b868-c542571ff656,user_200,1672.1,domestic,IN,web,2024-02-28T18:16:00,0
802bbaea-c985-4c92-a614-5f3e8c151972,user_150,7429.28,domestic,IN,atm,2024-01-13T15:20:00,0
1850e643-1158-46c2-8b09-b80ede655f70,user_1,34816.0,domestic,CA,mobile,2024-01-17T09:07:00,0
c598aae9-6005-4b14-8f6d-a75ebf1847fe,user_62,10399.4,domestic,CA,web,2024-01-06T09:40:00,0
132da30e-573d-4ec7-a58f-521dcb324a89,user_13,41360.12,international,US,web,2024-01-29T03:22:00,0
8d7cab73-0852-4b3e-99ba-bc4a6cf0b9bd,user_171,37499.93,international,CA,web,2024-03-02T20:15:00,0
b49431f1-7807-4ac0-b652-3639bf58fa19,user_200,16425.18,domestic,CA,atm,2024-02-20T01:54:00,0
4c34c153-ac32-4370-9400-17ac9743b8d8,user_200,38687.76,domestic,AU,mobile,2024-02-08T07:24:00,0
23d9a3cd-dbee-4f73-b4aa-677a5bb530d9,user_149,15324.24,domestic,US,atm,2024-01-29T17:59:00,0
8b50036e-c785-4eef-b995-b9ad1c350718,user_182,37671.81,domestic,US,atm,2024-02-22T10:06:00,0
fc0e15de-d26d-4b50-a4f9-664f75035bbd,user_109,43555.01,international,CA,mobile,2024-01-28T16:46:00,0
dbec5867-f08d-4b06-bf6d-c09dc7edadbe,user_3,48548.0,domestic,CA,atm,2024-02-08T17:52:00,0
8cf91e7a-59fb-4d2c-8bcb-f4a3b310f635,user_66,17626.08,domestic,IN,atm,2024-01-28T15:21:00,0
2ef7fc49-22a0-4497-b555-5120800fd032,user_57,28053.31,international,CA,web,2024-01-09T02:35:00,0
529eb10c-1407-4dde-b764-760ea9d80679,user_3,15562.7,domestic,US,web,2024-01-23T09:22:00,0
4568e9e7-c26f-4ad6-ae63-197314a4d27d,user_90,31814.25,domestic,IN,atm,2024-01-11T04:37:00,0
2c7dac12-0c04-40a7-9214-7ae504e4d465,user_65,36398.82,domestic,UK,mobile,2024-01-26T07:56:00,0
3e0d673f-985b-4f55-9a47-e30b2f3855de,user_195,44634.89,international,CA,mobile,2024-02-29T16:07:00,0
6c925ab5-30b9-46c5-86e4-59397e77268c,user_123,15057.22,domestic,US,web,2024-02-07T02:09:00,0
d5c50fea-217a-48d6-9003-90512fece0a0,user_74,43407.57,domestic,IN,atm,2024-02-09T17:40:00,0
9b68b1e3-f14a-484d-94ab-706fc0e74d81,user_26,42918.12,domestic,US,atm,2024-01-16T23:09:00,0
9a5aa09e-fb6f-4692-8f93-119317a51164,user_49,26936.13,domestic,AU,atm,2024-02-03T22:18:00,0
1a8f0570-6846-4532-af32-975a8de9fa99,user_183,41220.94,domestic,US,web,2024-01-23T20:14:00,0
f06794e0-a87b-429e-ac81-28aef7084ec9,user_66,47059.33,international,UK,mobile,2024-02-17T15:12:00,0
6a2175b5-05fe-4a98-82e3-8e023cb80f6b,user_36,44304.76,international,UK,atm,2024-03-05T17:38:00,0
24783e35-6baf-4893-8340-85de05be9658,user_158,31996.0,domestic,IN,mobile,2024-01-28T04:48:00,0
9d8b1944-0cca-42ca-9829-f47416b59c84,user_51,25709.83,international,IN,atm,2024-01-24T01:54:00,0
241d80ad-8853-4813-8eae-c0ad318fa69a,user_45,9584.78,domestic,IN,web,2024-01-15T21:22:00,0
f6d95f07-cd83-439f-90ac-06571bab3458,user_89,40327.98,domestic,UK,mobile,2024-02-11T02:44:00,0
6e1782d8-fe1c-4fb0-8d12-87bcc99ac189,user_99,21000.99,domestic,US,atm,2024-01-10T15:00:00,0
b203df18-7a74-44a5-abf6-780eb434289d,user_171,7015.31,domestic,UK,mobile,2024-01-18T14:41:00,0
a7a147e7-533c-486f-b93e-c5729aa57811,user_117,36085.83,domestic,AU,web,2024-02-03T06:31:00,0
1a36e9ed-fdd9-4466-a4bb-d0f16a2f2b59,user_166,18217.17,domestic,US,web,2024-01-24T19:40:00,0
ea4a8c43-6dd3-4832-b4c2-e8a0f7c3ab66,user_64,23874.82,domestic,US,atm,2024-03-02T12:52:00,0
bb821951-80c1-456d-aa3c-f63b46aa55a6,user_65,15610.67,domestic,IN,atm,2024-01-19T10:27:00,0
8c3b924d-b54b-42e8-8f9e-d736031e75a7,user_139,2146.34,domestic,IN,web,2024-02-07T01:32:00,0
e560b933-946d-4579-9dd7-3d5bb5799ab9,user_91,37942.24,international,US,mobile,2024-02-01T01:51:00,0
9cf841eb-969d-4e0f-ac7d-82117beacb62,user_31,2244.96,domestic,US,atm,2024-01-05T20:11:00,0
dc9a5379-b529-4c4b-a0de-486c3b454485,user_56,41021.85,international,UK,atm,2024-01-11T08:57:00,0
2d17eead-ddee-4e6a-80e8-e0c9e9332d36,user_3,12162.01,domestic,CA,web,2024-02-11T13:33:00,0
be3ee1ac-111f-471d-99d2-c1997064fe3f,user_181,29571.73,international,CA,mobile,2024-02-15T07:37:00,0
191a2d45-0a36-4dfd-8d1c-5ce07f77fecf,user_119,29005.02,international,AU,atm,2024-01-07T07:16:00,0
913096b8-c044-4905-a208-5f423c9f2b1d,user_8,3943.86,domestic,UK,atm,2024-03-01T01:28:00,0
c7c5056c-9104-4f0a-8966-f4db6c0b7038,user_171,14572.34,international,UK,web,2024-01-08T18:13:00,0
0fcfa9b7-9294-43e2-977c-44aae7471ef1,user_72,625.67,domestic,UK,web,2024-03-10T06:32:00,0
e9fdb6f7-3ffb-45fd-8df5-394ad2e94b7e,user_184,49524.81,international,US,web,2024-02-11T23:48:00,0
8bd0e55a-18f4-4569-9e8a-69a69662826f,user_62,3100.94,international,US,atm,2024-01-29T16:45:00,0
80f3c81e-45a9-45bc-b9bf-a9b653ab39b7,user_167,6818.23,domestic,AU,atm,2024-02-13T19:40:00,0
6b701191-2b64-457d-9fac-30e56538e058,user_122,29513.49,international,IN,atm,2024-02-14T13:09:00,0
d554efd6-dede-4a9e-8c58-f724a94683fc,user_25,8059.58,domestic,CA,atm,2024-02-04T05:52:00,0
3725b95d-20ce-4a79-abcc-9837f3818f5b,user_106,45611.63,domestic,US,mobile,2024-01-14T06:22:00,0
44ea9b6e-37e6-42ef-9aff-bf4aeb7ba953,user_8,2067.52,international,US,web,2024-03-02T21:50:00,0
0213d44b-1d74-48de-95e3-dcb46ca70ba2,user_7,37208.95,domestic,CA,web,2024-02-26T08:05:00,0
fc426e86-ebf4-4297-854e-eb8101e63f41,user_141,41054.3,domestic,CA,mobile,2024-03-02T03:23:00,0
2bc52fb4-3888-4bec-bd89-2fbcac3e3335,user_105,41962.62,domestic,AU,mobile,2024-03-09T16:18:00,0
0d05e8af-0d26-47a2-b759-8ea371e3ff36,user_146,40027.44,international,IN,web,2024-01-03T06:55:00,0
0315b6a0-30ca-4bed-b63b-bdbc8fb17694,user_169,28263.14,domestic,IN,atm,2024-03-08T09:58:00,0
8f024322-a505-4c7c-b04a-199b0d0071cd,user_194,48536.2,domestic,AU,atm,2024-01-31T00:27:00,0
34f253a0-2e61-4261-9437-ae3fcede54f0,user_142,969.17,international,IN,mobile,2024-02-20T19:12:00,0
cf06bb92-4542-42c6-a3cc-e3f30eba7009,user_36,26647.07,international,AU,atm,2024-02-06T18:21:00,0
f1f55527-6729-4bc2-814b-bbbd6e596bfb,user_54,27006.42,domestic,CA,mobile,2024-01-20T12:31:00,0
d7bed346-08b8-4177-ac6b-001aded99075,user_123,29572.25,international,UK,atm,2024-01-16T02:33:00,0
72eb0280-e542-42c1-b87b-d816befae225,user_182,13770.63,international,UK,web,2024-03-08T20:01:00,0
cc8bd984-a06a-4fe1-82c5-63942778fc0a,user_129,30715.64,domestic,US,mobile,2024-02-13T15:21:00,0
adff0f02-9f00-4aea-8e3c-b5e01fca2ff2,user_131,49825.57,international,AU,mobile,2024-01-28T15:14:00,0
024a0d81-0cd4-4a9c-8352-b68e89bf8c89,user_130,21163.52,domestic,IN,mobile,2024-02-01T11:37:00,0
76f4ffe5-2d88-4af1-a28c-afd77742df75,user_14,34777.39,international,IN,web,2024-02-01T01:10:00,0
6e9c1aea-9f79-42a8-945c-90fbfe55a4b5,user_139,37732.38,domestic,AU,atm,2024-01-05T08:38:00,0
c945be1d-5d3a-4b63-96cd-5dd63c9e7ccf,user_78,27349.91,international,AU,mobile,2024-02-27T07:15:00,0
877952ce-5472-4250-ab02-24bb3ddceb77,user_140,40110.54,international,UK,mobile,2024-01-11T11:10:00,0
a3add46a-f5be-4505-a41b-3d5a752f0dfc,user_65,31407.67,domestic,AU,atm,2024-01-03T00:07:00,0
cd445158-46ed-465e-ae40-3bc7c21a0ffc,user_128,20630.57,domestic,CA,mobile,2024-02-15T03:47:00,0
02abd51d-71fa-41f1-8e13-21e228ada035,user_63,14947.33,international,AU,web,2024-03-06T23:44:00,0
b964368c-6aad-424a-a02c-8431e77e0528,user_37,14533.96,international,IN,atm,2024-02-14T13:16:00,0
a9c2eebc-4fe3-4eda-ad54-b8bae86e9683,user_82,14837.59,domestic,CA,web,2024-02-29T05:23:00,0
3a3c6aee-3a1e-43ea-925f-860c8dde65a9,user_182,10448.87,domestic,IN,web,2024-03-08T00:26:00,0
1f88acbe-ab04-4cf2-82d5-ecb51d3f1215,user_29,31757.57,domestic,UK,atm,2024-03-10T06:39:00,0
34d96e8f-3a62-48db-9cd4-acd958de6a01,user_197,48202.16,domestic,US,mobile,2024-01-03T09:44:00,0
26f3278d-6fba-40c2-9e53-5ff122d58885,user_75,24792.93,domestic,UK,atm,2024-02-12T20:55:00,0
9310c406-657c-47be-b01d-da9880c1d3b9,user_11,27385.07,international,US,mobile,2024-02-20T12:41:00,0
8b4a8f60-a8e2-4818-a8a2-c97633bbd44f,user_171,47804.93,international,US,mobile,2024-02-13T09:37:00,0
01416b0b-b7b8-4e62-8d55-7523c04ac63c,user_132,40111.17,domestic,AU,atm,2024-03-04T05:50:00,0
168874b7-3803-4e51-931f-ffccff28f165,user_141,32737.8,domestic,IN,web,2024-02-13T08:00:00,0
c48980b7-36d7-4ac6-9a59-0e20f2ac0048,user_125,39685.64,domestic,UK,web,2024-01-01T01:17:00,0
881de21e-7290-4be0-9de1-33c6c5509d42,user_160,27630.49,domestic,US,web,2024-02-14T20:11:00,0
3f45f23f-f9d1-4b16-8e7b-f2cf2b19a828,user_18,46919.85,domestic,US,web,2024-01-12T00:37:00,0
fd4ac194-3334-49c4-8c54-aded266e141b,user_183,23246.02,domestic,UK,mobile,2024-02-09T09:20:00,0
567bd158-e066-4747-b9ed-baa7068132df,user_169,43476.94,domestic,US,web,2024-02-04T23:27:00,0
82716195-a5af-45aa-9c75-f5608babbe6b,user_82,3770.26,domestic,AU,web,2024-02-19T18:49:00,0
3a13ca8c-c190-4b43-bdc9-820de4dd34a8,user_73,6379.41,domestic,AU,web,2024-02-24T04:17:00,0
a1bde758-88e3-41ad-bc79-7d6d741e9a13,user_189,30333.19,domestic,IN,mobile,2024-02-22T07:19:00,0
ca7c4061-90bb-4a79-8617-568a7a2f5903,user_10,5450.6,domestic,IN,atm,2024-02-14T13:56:00,0
5da279ad-3453-4e9a-83e1-4fc0613cd863,user_89,2684.66,international,AU,atm,2024-02-19T23:08:00,0
f053e887-a5ed-4891-8156-98b61474ab46,user_190,16267.65,international,US,atm,2024-03-03T04:18:00,0
732d2762-8bd6-40eb-9a73-4de450920a4e,user_184,10913.95,domestic,AU,mobile,2024-02-06T22:13:00,0
a534450c-4075-43a8-9f85-013ce848a9e4,user_21,31392.85,domestic,US,mobile,2024-02-17T15:59:00,0
d12733ef-2ea6-408e-8867-0e7d534bdc93,user_145,1934.07,international,IN,atm,2024-02-17T13:26:00,0
ad3aa9ae-d062-4bbe-9ca6-f46779b50f51,user_193,30280.4,domestic,AU,mobile,2024-02-04T11:06:00,0
65c1497a-c0d9-4cb0-ac91-78c27179ea81,user_46,35815.82,international,AU,web,2024-01-28T19:24:00,0
2ee127e7-1856-4fbe-95f5-95f659f2805c,user_66,30108.02,international,CA,web,2024-01-30T02:55:00,0
fb574c08-facd-4f2f-bc2c-0c33167f9627,user_114,2800.72,domestic,AU,atm,2024-03-01T02:02:00,0
a44767e9-b1bf-4ec9-ab7f-af4da203b093,user_173,47721.36,international,CA,atm,2024-01-18T20:07:00,0
909bccfd-706a-4a61-a849-cba9c0953283,user_157,3527.36,domestic,IN,web,2024-01-27T11:17:00,0
81cc3ca2-74e7-4d2a-ae61-3cdc6664685d,user_44,31850.52,domestic,CA,mobile,2024-03-07T22:43:00,0
81457d54-0a37-4021-9ac3-b94e49a8fbd3,user_77,30702.54,domestic,IN,web,2024-02-21T09:59:00,0
c4f73d09-efd8-45c2-97d2-877f75f9c4e5,user_65,46999.82,international,CA,web,2024-01-11T21:55:00,0
ab06a6cd-d941-48b8-aec0-ff171bc78ca4,user_112,12084.05,international,IN,atm,2024-02-26T13:33:00,0
c85203f6-525f-4276-80c1-8472f8931d25,user_55,11436.22,international,US,atm,2024-01-09T01:11:00,0
3685339c-7c2a-4c9f-a63f-7c04213725f2,user_15,29742.23,domestic,IN,mobile,2024-01-14T04:30:00,0
f389345c-348c-40cb-b756-a55b13686644,user_189,17437.1,international,AU,atm,2024-01-05T12:32:00,0
9a28392c-ead2-4cb1-9f43-97198e0ce5fd,user_130,14779.16,international,IN,atm,2024-01-24T11:49:00,0
1c548cf9-fc6a-4660-a499-1e01e48e1097,user_40,30208.1,international,UK,web,2024-01-07T09:08:00,0
1982f7ea-d0c9-485f-b043-4faa38b05235,user_53,26585.87,domestic,CA,web,2024-01-15T20:09:00,0
a6de6fce-8dfe-4fec-88e9-cae7a1c7547e,user_195,321.11,international,AU,mobile,2024-02-19T14:24:00,0
5d1a2ef0-5e40-4c9f-a241-2483ad4113e5,user_34,35051.63,domestic,AU,mobile,2024-01-06T17:56:00,0
9cd79fb3-79b2-478e-bb91-94784675cccb,user_121,7764.92,domestic,US,atm,2024-02-12T13:06:00,0
ef3e52b8-cf98-49aa-ae6e-6283b90f63ba,user_178,8038.16,international,US,mobile,2024-02-21T20:44:00,0
68bf2bff-93fb-4430-930a-1dfce1333fa3,user_143,49562.38,domestic,IN,atm,2024-03-03T23:16:00,0
69d4ae6c-0b06-4a12-8d2a-b5c7231fa49d,user_10,33217.17,domestic,AU,web,2024-01-14T22:24:00,0
3a245b7d-4d2f-4279-a4fd-aac4ef118aff,user_186,16994.98,international,IN,mobile,2024-02-28T14:30:00,0
09126380-dd3b-4910-9302-bf3f395355eb,user_160,39748.33,international,AU,web,2024-03-02T13:22:00,0
591a8064-f2d1-4719-afda-28fe7489196c,user_31,17731.6,international,CA,web,2024-02-23T14:38:00,0
7d15e270-b9f2-4f6d-b088-982013c78cbf,user_80,42350.09,domestic,CA,mobile,2024-02-23T01:21:00,0
d82716fd-0917-4080-a297-db817d824f3d,user_146,47065.59,international,UK,atm,2024-01-14T01:31:00,0
c9df0208-8ef3-4bdb-a797-91a9260ec75e,user_35,31084.55,domestic,US,web,2024-02-08T20:49:00,0
f9377504-616c-4d73-ba98-9201f3d14041,user_43,43722.9,international,AU,web,2024-02-29T22:04:00,0
4cf90473-dc5a-4643-af7b-e497362f15ca,user_146,1576.41,domestic,UK,web,2024-01-19T19:09:00,0
c0e34082-d689-4f09-8088-230a8510c7c1,user_197,17826.97,domestic,US,mobile,2024-01-30T17:54:00,0
b29556a4-e050-4723-b7a6-78ca0172bc31,user_74,38095.17,international,IN,mobile,2024-01-20T06:47:00,0
a569e6d5-7fbf-401a-91a9-3f0d5825cdd7,user_76,27486.2,domestic,UK,mobile,2024-03-04T00:04:00,0
884c4369-67e9-40e4-8735-2e4eb9bdda31,user_182,19628.26,domestic,IN,web,2024-01-21T11:24:00,0
5cdf83df-dd85-4ae8-ada9-5558f695a891,user_6,43701.57,international,UK,web,2024-01-29T18:35:00,0
db1c85e3-6170-4eba-94c5-1305cf11ce7d,user_73,33308.01,domestic,AU,mobile,2024-01-06T20:32:00,0
c671ba92-af0d-4532-8fb5-259d452feb72,user_101,8978.67,international,CA,mobile,2024-02-07T21:27:00,0
10566b71-0903-4c10-ac2b-7c91115eefeb,user_8,16755.22,domestic,CA,atm,2024-02-12T15:38:00,0
44a1f6a8-d1bd-4b17-a078-d016658945cf,user_133,40215.16,domestic,UK,mobile,2024-01-26T06:15:00,0
bfbf7d9a-cbdc-43b5-859d-2d338a1e0874,user_78,26535.02,international,AU,atm,2024-02-21T07:12:00,0
c2e85f55-4c48-4c80-a56b-b8631bf4f78d,user_78,5145.56,domestic,UK,mobile,2024-03-07T20:58:00,0
6843ee50-22b2-414f-81c4-59ccce1c6e9d,user_195,6024.86,international,CA,atm,2024-01-16T12:05:00,0
38a28b2d-da3b-4928-83ac-6b9fc9518ff2,user_195,14903.48,domestic,UK,atm,2024-01-20T16:25:00,0
0be08639-9436-4fa5-adb1-d77a9c972fa4,user_124,40151.06,domestic,IN,web,2024-01-05T11:14:00,0
7a8e53b1-cbce-4d12-b920-403549872590,user_71,37742.31,domestic,UK,mobile,2024-01-26T13:29:00,0
5ebc5988-4299-4d22-9d77-d49c903f7839,user_12,10763.27,international,US,web,2024-02-07T14:01:00,0
fe706af2-8254-4c5a-b0b0-41792ca5207e,user_42,43986.8,international,IN,atm,2024-01-05T13:42:00,0
44b0f4c8-5120-4abd-94fa-3ffcffd61158,user_101,26029.24,international,IN,mobile,2024-03-02T08:35:00,0
07847f67-f0a3-41da-af08-b1076032baaf,user_153,33996.83,international,US,mobile,2024-03-07T00:54:00,0
1acfd5e3-f908-4530-9f0f-b7d3d76b1edd,user_45,14373.26,domestic,AU,atm,2024-01-14T03:35:00,0
7fa1b86e-8889-4019-9446-5fc5bc73cbcb,user_137,43140.34,domestic,AU,mobile,2024-01-16T23:02:00,0
c0ea31ec-c5aa-4117-98e2-962aa7dae50f,user_183,34908.69,domestic,US,mobile,2024-01-25T11:36:00,0
cea56f7f-07d9-4b94-9ace-5166c8224311,user_69,33831.05,international,UK,web,2024-02-18T17:36:00,0
777b1b5a-f7be-4d59-8553-b41e2a217483,user_194,25218.04,domestic,AU,web,2024-01-08T00:55:00,0
81f4ef90-56c4-4c7a-a5c1-d39e5abe22e3,user_96,45872.3,domestic,UK,web,2024-01-29T15:21:00,0
80ed0903-ffc9-416b-a253-4be46cd68e9f,user_164,37411.39,international,UK,mobile,2024-02-17T23:47:00,0
869ec45c-a9c7-4ab5-9964-1a02a68c13a0,user_14,49376.12,domestic,CA,mobile,2024-03-10T02:34:00,0
d758e4e4-b434-4306-bb3c-8f8fcdfdbc9a,user_185,16238.25,international,US,mobile,2024-02-05T21:58:00,0
770538a4-317d-4ae0-80f6-d9f4737283ea,user_39,41045.13,domestic,UK,atm,2024-02-28T19:39:00,0
bf0da6d6-a032-4b9a-b08b-46737030f8df,user_57,6955.49,domestic,CA,web,2024-02-10T17:27:00,0
2612c37c-f028-485d-95a3-9a7570b1d2c5,user_187,30482.03,international,CA,atm,2024-03-01T15:44:00,0
efb65ce5-0af8-4734-ac63-1c4c0cfc0696,user_18,49230.95,domestic,AU,atm,2024-02-23T14:51:00,0
390de962-abec-4f32-bf84-0dd056d02243,user_87,29400.44,international,CA,web,2024-02-06T19:22:00,0
366ae3e2-4a6d-4634-b8d7-33b3f6aedb4e,user_103,6207.23,international,AU,web,2024-01-07T22:16:00,0
3e55a281-0c33-4a35-b9f2-81f37b88c952,user_87,45276.51,international,UK,atm,2024-01-27T04:10:00,0
82620550-10a3-4ff7-9e5d-241256ec334e,user_137,39917.63,international,IN,mobile,2024-01-17T05:18:00,0
e226290f-207c-45a5-8de0-6921b1cc30d9,user_170,22597.13,international,US,atm,2024-01-28T04:45:00,0
def3a9db-e889-4238-94fb-2775aefe4028,user_17,39662.63,international,CA,web,2024-02-14T20:44:00,0
d1a1d3a4-c273-4950-a627-c3eb744b0208,user_80,30103.44,domestic,AU,web,2024-01-14T07:55:00,0
47ec1ecc-d433-44cb-9156-3c0ce1a97b6c,user_155,21639.33,domestic,US,atm,2024-02-06T14:33:00,0
0f62668a-539c-406a-b3e0-be2c7598272f,user_84,37315.07,international,CA,mobile,2024-02-13T05:23:00,0
a4c47235-81fe-4a4b-9042-7c22e3276a87,user_136,25365.06,international,IN,mobile,2024-01-24T05:45:00,0
7f642964-1c68-46b4-b06a-a7a6c8d556c1,user_39,41608.59,international,IN,web,2024-01-05T09:25:00,0
f60b0414-a059-49be-940a-c6bf46024d5d,user_76,16881.16,international,CA,web,2024-02-15T12:19:00,0
f6b17471-9897-469b-be40-973cefc25d77,user_109,49704.37,international,UK,web,2024-01-31T16:25:00,0
daa3044e-1f54-433a-a407-6aad9f00fabf,user_106,14360.0,international,US,web,2024-03-03T00:45:00,0
1258f843-c1ef-4b67-b01f-ecf4520acc92,user_117,43939.32,international,US,web,2024-02-09T09:59:00,0
c49ae3e1-1f1a-4a25-8048-5cd1d21137c9,user_79,13424.69,international,CA,atm,2024-02-25T13:07:00,0
e4700da5-8245-445b-a3bc-2eeed7a87b91,user_90,3467.46,domestic,CA,mobile,2024-01-27T10:44:00,0
2f3296c8-9316-4bdd-be12-28b0c97f9950,user_133,1341.06,domestic,US,atm,2024-01-03T03:58:00,0
7f98afe4-3797-4785-a43f-623de72f4372,user_95,17912.82,international,CA,mobile,2024-01-05T03:51:00,0
607472c2-30d8-4e9f-a40c-4210ba3fbd90,user_184,40615.04,domestic,CA,atm,2024-01-04T22:53:00,0
dae5d61a-7c7d-427b-96b7-6c3f41d82505,user_117,34186.6,domestic,AU,atm,2024-02-27T07:55:00,0
479a07b1-9189-48c1-bd86-fddb5509f968,user_165,5285.61,international,US,atm,2024-02-27T07:25:00,0
db447d54-067a-4b8f-b849-aff9a5fbe590,user_30,29546.77,international,UK,mobile,2024-01-29T23:33:00,0
bbdae730-031b-4447-bbe6-eae82708cde7,user_62,40030.9,domestic,IN,mobile,2024-01-14T13:53:00,0
e0198759-3055-40b3-bbd8-3debe5866d62,user_77,43802.07,international,CA,web,2024-01-06T12:31:00,0
1f7742fe-8661-4c85-ae89-83b7a0dc30b4,user_69,9630.42,domestic,UK,web,2024-01-30T09:31:00,0
3ef37d09-04a3-4c63-bad1-0818e91450e8,user_40,8021.9,domestic,IN,web,2024-03-07T23:17:00,0
f48f0acf-bd27-4def-9c3f-f045040f305d,user_43,44976.44,international,CA,mobile,2024-02-06T08:54:00,0
4a428a6d-695a-4597-8b9d-6eb99d818ed5,user_167,43778.16,international,CA,atm,2024-03-05T23:18:00,0
4f39c686-b5d7-4f42-897e-717cb26579bf,user_21,19610.88,international,UK,mobile,2024-02-04T16:12:00,0
3a1d5b33-df6d-4b84-a9a8-60308a8f47fd,user_82,5344.69,domestic,IN,mobile,2024-01-10T08:00:00,0
d87672c0-a581-4ae6-9811-933e48e149da,user_156,24364.37,international,CA,web,2024-01-12T02:31:00,0
a0cdeffa-6058-4d61-b52f-b70bbb7bb58a,user_119,42880.85,international,IN,web,2024-03-01T15:32:00,0
cd502214-c803-4fc3-a3d1-e35644bc7834,user_97,49461.93,domestic,CA,atm,2024-02-01T07:37:00,0
02630027-fd63-464e-918b-6389cf86df0b,user_187,1317.48,domestic,US,mobile,2024-03-04T13:27:00,0
dd5d2a43-b939-470f-bbb5-61b5dc85d57c,user_76,26707.6,international,AU,mobile,2024-02-13T05:49:00,0
8febc1d9-c0ef-44e7-9243-c09b8ea33d62,user_119,49918.77,international,CA,web,2024-01-01T13:57:00,0
8fdbfd7c-2725-4dd1-80fe-1168a2b52ec2,user_18,42693.86,domestic,IN,mobile,2024-01-01T11:38:00,0
f3ec9afe-d597-45c4-bc33-a095ef2daff5,user_19,30183.15,international,AU,mobile,2024-01-17T05:43:00,0
8c05a03b-383c-47ef-a05a-fd1547d3081b,user_140,20109.62,domestic,CA,mobile,2024-01-16T15:16:00,0
60bef410-4a56-4f60-8677-b87ac87eedbb,user_194,7680.23,international,UK,web,2024-02-21T08:21:00,0
e1662da6-899a-46a0-b005-22fb682db683,user_35,22576.91,domestic,UK,mobile,2024-01-13T19:57:00,0
76817d13-f77c-4479-8142-936ce4a90df7,user_14,13022.49,domestic,IN,mobile,2024-01-08T03:37:00,0
79405caf-d3e1-435c-8785-899ad7a250d4,user_140,7308.55,domestic,IN,mobile,2024-01-03T20:27:00,0
5a60de05-4c22-4e7f-b0b2-a9cfd89f527e,user_129,5995.43,domestic,UK,atm,2024-02-17T17:17:00,0
ef701d57-75c9-4378-ae38-ce17a5721783,user_129,15859.36,domestic,UK,atm,2024-01-16T07:12:00,0
614296a9-7761-441f-a40e-6ebe21a9c82a,user_165,21793.77,international,AU,atm,2024-01-15T00:12:00,0
614cf0e9-8fd7-4276-98d1-ba9cdf3f71c0,user_167,14221.29,domestic,IN,atm,2024-01-08T02:19:00,0
41c77372-fe21-419b-b30c-278672cd302f,user_112,8046.96,international,UK,atm,2024-01-12T07:25:00,0
f580f3f9-7966-492f-8260-395db59563e5,user_200,32917.96,international,CA,mobile,2024-03-09T03:47:00,0
d6a484fe-5aa8-4183-8983-c9b095edc137,user_106,22276.17,domestic,UK,web,2024-01-11T21:08:00,0
ac70adc4-4df1-4557-abb0-cdae9cb79082,user_136,30422.67,domestic,CA,web,2024-01-14T16:09:00,0
44354fc9-c96a-4a52-a1bc-5fd4dbbd2189,user_106,8554.43,domestic,CA,atm,2024-01-23T02:29:00,0
acc728d6-b3e5-42ef-bf86-465da04049c0,user_41,9949.41,international,IN,web,2024-01-21T04:21:00,0
6848f585-b52c-4abe-9264-e36759a23a87,user_81,1029.78,international,AU,mobile,2024-03-09T05:23:00,0
cb3ef9eb-506b-4ecb-8a45-f2c84352226f,user_161,46172.88,international,AU,atm,2024-01-01T02:29:00,0
a8297bcf-9401-4a09-b68a-f4393ac7a06b,user_54,35556.54,international,US,mobile,2024-01-04T15:06:00,0
149a8604-97ed-465e-8a9a-58d71d44706e,user_48,39817.3,domestic,UK,web,2024-02-28T10:24:00,0
5ac10de7-7ae6-4426-b5ff-31d284bd2044,user_114,20220.75,domestic,AU,atm,2024-02-01T00:07:00,0
3680aad9-2bdc-4c23-86c0-9b5de96443cb,user_147,12760.95,domestic,IN,web,2024-03-10T06:56:00,0
ed90153b-f7f6-4692-b9d9-b7ea641d19d0,user_45,6774.6,international,US,web,2024-01-12T09:09:00,0
5107f72f-4f19-4ea1-9444-61923e4f730a,user_60,46140.5,domestic,UK,atm,2024-02-13T23:16:00,0
07ba9316-0e07-4e8a-b7e4-6a0e8399569d,user_91,49340.15,domestic,IN,atm,2024-01-26T15:19:00,0
c01f8f39-0184-4e10-ac23-f9b429639880,user_51,16726.09,domestic,AU,atm,2024-01-31T14:15:00,0
ee7de2f5-2ef0-4126-a040-8c9f4a64bd7a,user_16,30707.94,international,UK,mobile,2024-01-12T17:16:00,0
aa04900c-7e35-49ad-bb91-b92c09f8d31c,user_65,46258.69,domestic,UK,web,2024-02-01T03:04:00,0
d6e84666-4a68-4061-b155-c6a11741548f,user_11,29298.7,international,CA,web,2024-02-28T05:00:00,0
135894ad-f697-4ca9-baf3-6b547a9a7a8f,user_194,10610.08,international,UK,atm,2024-01-08T07:24:00,0
76ddec1f-6d19-438b-952b-d83f56767c43,user_136,21952.17,domestic,UK,web,2024-01-26T08:58:00,0
37aee9c0-94ac-4fee-85f3-21ccb81a12c5,user_166,2904.72,international,UK,mobile,2024-03-09T03:06:00,0
0c3b12fb-b19e-478d-b2c3-2322177cf95e,user_91,15265.62,domestic,UK,web,2024-02-23T22:05:00,0
c4dc6a90-8d69-4de9-bcb9-04de1869f875,user_61,27678.74,international,US,mobile,2024-02-12T15:58:00,0
aa398be1-32e7-4dcf-9b52-c0511569e676,user_79,11674.56,international,IN,mobile,2024-02-02T22:00:00,0
bca56b46-f0e1-4a32-81e9-3ee17274903c,user_51,10464.98,domestic,CA,atm,2024-01-20T05:31:00,0
882f6c21-3476-4a0b-bde6-c0234141da8e,user_108,22063.43,domestic,CA,atm,2024-03-02T20:33:00,0
772d3614-b959-4fec-a511-43bf47624470,user_68,33000.07,domestic,CA,mobile,2024-02-20T04:41:00,0
9fd3878b-1fc5-4ae5-958e-a7cb0b6e3086,user_108,31316.58,domestic,AU,atm,2024-01-30T19:20:00,0
a5c13782-eb38-489b-a9ed-d6f1638f847f,user_191,38299.19,international,US,atm,2024-01-10T05:03:00,0
7ee5bcd3-613b-44cf-aa37-9e91c7ccffcf,user_173,49216.42,international,IN,web,2024-02-09T09:56:00,0
c824fdd8-df65-4243-897c-e3c57d16e96c,user_148,10557.35,domestic,UK,mobile,2024-02-03T23:29:00,0
b86a3c6a-116f-4bf0-9b1e-412388a9e78c,user_93,42449.78,international,AU,mobile,2024-01-19T06:10:00,0
fb3ee944-bac0-4b3b-9007-4d521c36ff1b,user_33,37762.28,international,IN,atm,2024-01-15T06:04:00,0
63c0c795-72cb-475a-b886-bd3a530035f9,user_156,46106.04,international,AU,web,2024-01-13T18:12:00,0
75fdbfa7-51e5-4597-ab9e-a9d431857d36,user_57,17013.65,international,UK,web,2024-02-25T23:05:00,0
107086fa-c965-41f4-8973-a2e7d73b8a77,user_160,46971.51,domestic,IN,web,2024-01-17T23:11:00,0
9e8357d9-f8f2-46c8-a032-6f0ff428b32d,user_118,29105.45,domestic,AU,atm,2024-02-03T09:04:00,0
54cb04ec-9e3e-49c7-91f5-c337965133ca,user_117,29188.45,international,IN,mobile,2024-01-23T16:30:00,0
607dd1d6-58f5-4850-9d7e-03299d19193d,user_91,35395.95,domestic,UK,mobile,2024-01-15T21:54:00,0
f72145cb-70bf-44d2-bab2-d21e7dc9b2e0,user_5,41909.34,international,US,atm,2024-01-07T22:29:00,0
5e4a0c90-08e9-49ad-a18b-e57aae507efd,user_127,34326.59,domestic,US,atm,2024-02-25T23:53:00,0
1e5000b7-c762-4325-b58a-8dbe5c56ead9,user_150,22426.0,domestic,IN,web,2024-01-31T20:21:00,0
fdf5575b-2e73-436d-a433-8e41a25b8635,user_191,13512.66,international,IN,mobile,2024-01-15T23:38:00,0
15f7a082-c678-43bb-be31-6f75ce87b2a2,user_174,29076.73,domestic,US,atm,2024-01-29T12:51:00,0
66f5e5e0-ef62-4041-837e-bf4bc14ac922,user_2,8186.13,international,US,web,2024-01-26T20:46:00,0
d042081f-e965-41d5-b016-d35774b4d2e4,user_14,35589.32,domestic,IN,mobile,2024-02-10T01:27:00,0
77f2bb13-df34-429d-b041-fcec9f362319,user_129,16754.6,domestic,US,mobile,2024-02-02T05:13:00,0
36bd30d3-6a0b-4ecc-91b1-06bfa3de80b5,user_27,21533.84,international,US,web,2024-02-11T21:43:00,0
b2d35ea0-e739-41ca-b130-9fa2f2aa5a2b,user_78,17764.4,domestic,IN,web,2024-01-06T01:40:00,0
74be1764-1a8a-408c-befe-b5877c2f6393,user_82,30182.41,international,AU,web,2024-02-05T08:10:00,0
8c66e391-f78c-4e36-bdf6-290053c0e8b7,user_147,40878.33,domestic,UK,atm,2024-01-12T15:43:00,0
e25932d5-9544-4372-b1d1-f7064eab71bf,user_93,4247.46,international,US,web,2024-01-10T21:35:00,0
179e0fc6-96b2-4952-9cf0-c34025424540,user_21,173.17,international,US,web,2024-02-09T01:28:00,0
d1ea5f11-8cb1-4eea-a24d-0e031520a236,user_134,29717.35,international,UK,atm,2024-02-14T12:03:00,0
95f7ab37-35e0-4ef4-bdac-e0fb99ba8d85,user_152,8836.66,domestic,US,atm,2024-02-15T04:34:00,0
d3b5877a-0ec6-4d7f-8e7b-c0650ed6dba9,user_4,12615.53,international,AU,web,2024-01-04T08:24:00,0
fa2e215a-2619-4fbc-9566-aaad5ead4498,user_11,31747.29,domestic,UK,mobile,2024-01-01T11:51:00,0
aa531d66-4dbf-4b09-b36c-cfcaceb6adfa,user_158,41609.4,international,IN,mobile,2024-02-15T21:59:00,0
67762c26-393d-48d2-9214-6a6f6610423d,user_61,20135.11,international,US,web,2024-01-06T02:30:00,0
a9471535-0d97-450d-990f-3ed6e0e4e681,user_130,15680.13,international,CA,mobile,2024-02-13T17:49:00,0
397e9f49-9623-4fe8-897b-fc78a9996974,user_2,16443.54,international,UK,mobile,2024-01-31T07:47:00,0
7df5b6ab-8535-47d1-8505-8fccb748645c,user_29,4629.18,international,US,web,2024-01-22T20:29:00,0
8c3ef054-8eb4-471b-be83-77dbb97c3d8d,user_63,31892.9,international,UK,mobile,2024-02-04T03:51:00,0
9a2794ab-36f3-404a-9e0e-a941ec6cda60,user_14,32466.02,international,UK,mobile,2024-01-05T15:15:00,0
23b50e8b-d261-4266-90e1-27480e007128,user_164,3493.98,international,UK,web,2024-03-04T20:22:00,0
2277782a-da56-4cf0-8b10-0ce14ebbdfaa,user_158,45320.69,domestic,IN,atm,2024-02-19T16:40:00,0
f5357d3a-e325-4a0d-9d5e-f3acfbaadfa1,user_41,48892.9,international,AU,atm,2024-01-26T02:33:00,0
bc3f45bf-3815-446c-a982-b34af9b9af7f,user_24,40130.72,international,CA,web,2024-01-01T06:20:00,0
cfde86a0-3b98-4895-8391-a8e2bc1e96ee,user_110,13733.09,international,UK,mobile,2024-02-15T11:02:00,0
d38e7288-a3f4-4b57-815c-da9b4d8ee9b9,user_172,47144.84,international,UK,mobile,2024-02-09T14:14:00,0
51d348bd-29f3-47c3-a0ca-99e56f1c7db6,user_185,14932.2,domestic,US,mobile,2024-01-04T11:16:00,0
38ee5beb-7bb2-47de-889b-9f033b1d62ea,user_125,44699.6,international,UK,atm,2024-02-19T17:35:00,0
7f47ee89-ab4d-444c-8efe-daa22f7f15f3,user_85,32188.71,domestic,IN,atm,2024-03-01T22:56:00,0
ec6bfa17-7a6f-472a-8504-40ea739b11e2,user_101,16626.61,domestic,UK,mobile,2024-01-20T03:00:00,0
bc2042e9-4ca4-46c3-8d77-56d64e44b161,user_145,41274.12,domestic,IN,atm,2024-01-13T03:43:00,0
560ddc50-bf32-483a-b7ea-44af3a7a326f,user_113,3776.8,domestic,AU,web,2024-03-03T22:58:00,0
29f945b8-6ec1-44e1-89f2-9159bb11e5c5,user_84,16194.06,international,IN,web,2024-02-02T17:11:00,0
5552c5d8-aa20-4d3a-aee7-ae91dc6a782f,user_43,2646.46,international,IN,web,2024-02-18T17:08:00,0
3066d130-576a-458d-9edb-2b590b8a0f68,user_97,49800.18,international,IN,atm,2024-03-09T22:49:00,0
5029078c-6709-4840-aabe-30d6e3a2b80b,user_66,21990.94,domestic,IN,atm,2024-02-09T16:41:00,0
cc83d246-06cd-42ff-be6c-a8935c924fdc,user_130,30490.34,domestic,AU,mobile,2024-01-08T10:23:00,0
38676364-caa4-4e5f-a5a9-c8c510380a37,user_199,131.06,domestic,IN,web,2024-02-03T21:35:00,0
aa9e47b6-e791-4c60-b840-17887423ce2b,user_57,44777.31,international,IN,mobile,2024-01-03T19:50:00,0
1a42c5b3-5b12-41bf-96b0-9eedaaef4f1a,user_175,40750.14,international,UK,mobile,2024-02-02T06:57:00,0
d6f5ee07-c355-44c1-afa0-a75e310d3054,user_164,39962.26,international,CA,mobile,2024-01-27T21:47:00,0
1c859746-cded-4b92-b34a-ae88d5cd5746,user_145,39989.29,international,IN,atm,2024-02-18T20:24:00,0
2648d82e-ea16-4375-ad06-5f42c975b6b5,user_29,48963.06,domestic,CA,atm,2024-01-11T13:31:00,0
73b3092e-0e60-45dc-8542-ea8eb2c975df,user_26,17856.82,international,CA,atm,2024-02-01T16:12:00,0
03e1aa28-0761-4f01-8eb2-2596d9423c6c,user_75,35992.53,domestic,US,web,2024-01-09T22:46:00,0
1cf2383b-2b37-4073-a6d1-d8d31cfaba9a,user_90,20651.66,domestic,US,mobile,2024-02-05T05:41:00,0
2257eaf2-7d17-49ef-8d91-7a49b7ca80ff,user_154,2577.25,international,US,web,2024-02-23T03:55:00,0
61387481-afdc-467e-9c8f-55f2f792450b,user_47,31568.49,domestic,AU,mobile,2024-02-22T14:23:00,0
b90461f9-2ddf-4e50-a642-dfd347de1e77,user_48,6745.02,international,AU,web,2024-02-21T07:15:00,0
946e033a-d94e-4b74-a3ec-c1f5b3b41357,user_49,47020.0,domestic,US,mobile,2024-02-29T03:11:00,0
99cfb679-1b77-4e1d-ac54-9582a0657b75,user_173,28437.72,international,AU,mobile,2024-03-07T06:40:00,0
e5556a0a-88f1-427d-a40c-b6714fb595fb,user_105,11230.24,international,US,web,2024-01-21T06:10:00,0
0825d331-f03e-4a89-a12b-5d22e8ea2a62,user_71,28257.05,international,US,atm,2024-02-17T07:50:00,0
b7f4225f-8e78-49e2-8235-3aaa1ab38ed7,user_28,29726.26,international,UK,mobile,2024-01-30T06:29:00,0
9b8bf2a2-7cdc-45d9-8dc0-1ee480ab38fa,user_42,3672.18,international,IN,web,2024-01-12T07:05:00,0
62f5e83d-a8f0-48dc-9e86-77070b68f7b9,user_170,49999.64,domestic,UK,atm,2024-01-28T23:40:00,0
1418ae6d-5955-4a75-b4e6-c8d53a383bc7,user_132,10094.22,domestic,IN,mobile,2024-01-03T01:31:00,0
846b6f5e-91b8-4ea3-ba4a-31ce01677d06,user_24,7867.83,domestic,UK,mobile,2024-02-17T19:44:00,0
d8055b9c-8bcd-4ca4-95c1-37a6e4a046fe,user_139,28776.63,international,UK,web,2024-02-17T01:31:00,0
8a7da263-879d-4262-b38f-1bd785397d96,user_127,11567.34,domestic,US,web,2024-01-12T23:53:00,0
ab52ac61-5b08-4057-8ab8-67670b543dc2,user_114,26897.49,international,CA,mobile,2024-01-11T20:40:00,0
7093bde1-1c4e-4538-9980-26a95122e299,user_129,32958.22,international,IN,atm,2024-03-05T02:37:00,0
00d80454-2627-409c-abb4-85f1198a4c11,user_58,42586.53,domestic,IN,web,2024-02-14T03:11:00,0
163df211-9d73-4fda-849a-178f8514814c,user_63,19858.12,domestic,US,mobile,2024-01-08T08:44:00,0
